index,label,tfidf_logreg,roberta,text_sha256
0,1,1,1,30869924ba6036682a04b9b9dd6058c015339340b3baf193da8fdc31ca8237e8
1,0,0,0,76b25dbec1e740ce3439be2fb2a0434d6723116b95efa322b4276f7210bb50a1
2,1,1,1,770180d99db4fb550d42a17eb6e333c7bc6902f3df220f6bde7744e4b06fb5bd
3,1,1,1,7904708502596748727ffcb6927735660ceda2a7e79d48fce54a969c8937cff1
4,0,1,0,6d7b5b66bb34a3a7793f83152151f9e63a35877104cfeb7e9aca50b80f44cdc0
5,0,1,0,11a564c48a162f500438b8024bff8b674f54a91581167c3dd88ab83e9930a577
6,0,0,0,6d71fd87b6be44dcf7a5d0345d428eda9a6a33521771e38aaf90506c3479ddd4
7,1,1,1,dc2823d2a59e661740d6f4e69f787aa7da27af870ef11bb709cf21ad6e8ebb5b
8,1,1,1,eea67330e6d0be128ac805fdd9af6f86c550319e6b2229608127b3bc9bfdda17
9,1,0,1,447e530fd79c21336df9e597637af6c9c9376235ea34d1774b6baca2a82c0556
10,1,1,1,f42ad525ad3900d934aafbd72bc4abf35a36c7b1386fc09b43d1be986eae4672
11,0,0,0,f2d451c04884757610cba5bf49e4ad62e6a9185755bf0484247a59a03117df87
12,1,1,1,6dd493437bbaf770cf736a334585ec0dd9185e724ba185aa10c03592127cc826
13,0,0,0,e538066312bd85eef65a5ecbb8837717026185f1235387669c8f95e26d00227c
14,1,1,1,f3757504d66cac1da66a23af4b8562f8f00f33272d878c113abf281d21778dc2
15,1,1,1,7aa5eed2af0642fb4cc21848881f1e6e3b5bb5ca3036453ad3c40a9f019e1885
16,0,0,0,109b7843681c69d9cde28421148cd1d09486e4e8efc127a08bab47fbc33886ee
17,1,0,0,5d6beed54c08ab982edadaf43dc1e4ffb53002c738697b807324a2baa0361bc6
18,1,1,1,ee05f75642299495378dd6c525b78bfb374d0fd85e18c4adc9f4c0e8468ff42d
19,1,1,1,a56bee354f7d49f8165e811cf8d266762d3dcec4176446c99545e998d112e5ef
20,0,0,0,5fcdb9542c983ce4f7a1742bbc4f75da56ea1cf9ca1cdba39da364c0fc5bfb6f
21,0,0,1,ad5578b49065ccd29092aecf6649dee173133077aaf2bb969bb26c7111e8ea9f
22,1,1,1,eb013842979593551049f8db4302b605febf22bcb4ed262a3e6eeb17a371d40a
23,0,0,0,0200cf51f1a3c53a721b030d9b7db8a7cdcd613f04aa64f049b545ccf911fcd4
24,1,1,1,9b0f6a05b8ff77bb53c93dbce60f6ad422238b5b874f677fc74cfc2356208f76
25,1,0,0,e385c9985d1ec7dc27054f59422a81d4ab8367271fb6c874f3382deb063cc70b
26,1,1,1,f2f4432e3d9cd265f1948e657a76f1d19563c3d3fbff9c4883d7c9cc22a9bf81
27,0,0,0,64f35d7377586a4432ce92e5f71ae9f68308126d6f28c9afa770805cf34cad9f
28,1,1,1,c1012eef4e9c12287ee2b30ef16a2c68fd3877d46a154e6f599cea54f09ba667
29,0,0,0,b2b61867962070c6155c93f6ffe17eb310024693c8229e3d825f3325594576bf
30,0,0,0,62c25e9f853e29240fed53c064a1199195ea8a86aa1683f61a09c64b8a8d07f8
31,0,0,0,83bd0cbc9c6dc4f146169fec63f753125012c9010c0d5e6cf52fcc37e353003f
32,0,1,0,27512b391d54c6fa2d615633f5a20b4a3eabfb8374d0ef42a47070c1406a2de8
33,1,1,1,00b76fde70d5a4efcf0e72cd4baf2642d436b8a29eade10007e26b0973592d68
34,1,0,1,7fec6088a6a4b57082f8201955d433ca6fcf22854ee520ccd4dd50d2770bd57a
35,0,1,0,ac265a9bbcae687a6505ebb0b2beb0ebafa5819829361eb7833a268482a4ea3c
36,0,0,0,3851fc0c669e5559245e86ab24d9527827721c00d2f8cfed903b717afad0b1b6
37,1,1,1,27bb6eb550eb88dc3133b247a1c77fae0d396a6e8ce0aa9680791a0a0c973f21
38,0,0,0,31577cc46088942261491d29772cd93319245d748c9a76d2d3a6032a9cec4613
39,1,1,1,832b020e91267626da3726b313c37a68276c3bfaa555de66082535361ec161dd
40,1,1,1,89cf789bcf09a0f34d8c4e9e090f364b4aa1b3e955158f4f172e22b7ef9e862e
41,0,0,0,a5fa6538bffd78129ed3acb2e4428f49dbe7a928b80b779b8a043929c1e79894
42,1,1,1,ee00f6d0360b5bf04dbfdd0150ef724dcf022103f5de1272ec6c2d49f2108a69
43,1,1,1,7824325b2d2fb56c4b86996575560c6f8b4a56ac0e46ddd34264b9f57e20f82c
44,1,1,1,e001b5ec96ea51aac99e12f7ec6944e68f82a1d39036d5b122c4986878ce6025
45,1,1,1,f523179152a674c35b469390fb1ba6ae2268a53bce12eda70e4efaaba086130f
46,0,1,0,19577e99200533429de6d94c4ffd626c7cec3095937a8f743dd43d014884358f
47,0,0,0,511872e6b3483c2bd0c646da3efc6dbaed29a09477a46dca457f4197de5ece11
48,0,0,0,064b6f989106b2640d9b008c6eb1d4a37450e38e6447a1d7ee99ced4323138c0
49,0,0,0,212f74c0bc1f004633c93787dc3dccdf102b9a36214e53cc7f7befccf2f5cd90
50,1,1,1,6b751c671c86f1e4e3eb47cb8256277214936587bff14e1e8bee9d9bf3e6b385
51,1,1,1,65d52a3f18526d6d4150737951e073e63c783020242f2805df9ecb9809b554a9
52,1,1,1,251fe384327f2fa504fd76532146ae2c3c754d17e97afde271e9b84b3d107a78
53,1,0,1,ae4436c757949cc66c7c8ee6f1f8a4035edf1f572b8adf114f8a59bc0c8e2045
54,0,0,0,f7e4628f4ee46d5e4755f308ffcf8631b6e0f8e7f88776b878d5fb0468dcc3a4
55,1,1,1,775decad6f3a011bb85723ae31b88137c097d39948a0daed88eef5a8be38a2f4
56,0,0,0,6677c02cb76966d8fe77e4e8650f684ebf7f2d47fe26de54dcc99c5fa40dd14a
57,1,1,1,c5306d9b4acf9ae3c0c1e99d697d38a33d64f3d0241d1a9a9e60f25e7c5e9dc9
58,1,0,1,def08df3cd990b09ddd56fc4f1e78e224403d4090ed4945424490205b785e038
59,1,1,1,11a15226360b993211b4472f62fa88d96914a9f22ba1169705a1b291b229bfc1
60,0,0,0,cdeb99fea6c9c33366e1f19c5f0639ddd62a1207440cecbdb9b501ea076e50e8
61,1,0,0,ec028ed8fbfed5d32b7181e8b897a7f06fd54cb8edfdf24a6acde417153f6fc4
62,1,1,1,39f6587cc51cd571ac87edb4c0b5bd7c7d11b198f106c93e879e3ecbd9b57889
63,1,1,1,aadb30886622618663433dc595ad535d7ab16ae737ae4407e282d7411e6e33ff
64,1,1,1,095d6d6227e0e846278e10d984bda353755a81488c7ab910c0b79d622c56cd46
65,0,0,0,cbe0c3baae941593cc61a36cf0b24d2c9a7c875ae7b4c3dc97eab84c68075eea
66,1,1,1,766159f99dc7f6a010392630a1917744ef287f53afb7cdac28d9cc465f906aa8
67,1,1,1,60d5f79feb3dab825aaba94c96bf5f96bc468bb269dfee71462ec65243140ba7
68,0,0,0,dfa13634d73e034f5ee59e9af087428ddd3175bbd30c2787c8eb9c5ac0db8a81
69,1,1,1,04ca6d87d5f19e0776113615991545f5856dba1cd8953abc792d9293e08d45f6
70,0,0,0,355972b227a81cfcfcfd428ace5bed0a05c44111c83133842c6b0260837c3d11
71,0,1,0,0acd35df237687f805277fe293d314032b567fa1416c1baa73c06b18d40ce5de
72,0,0,0,c4581fc9f21f8b6750be412152df33a2e7c7b0451a8ba34dcc58d4d7591f3900
73,0,0,0,1519b480eb2220e8da5ffdee05cd1481e249be2d5377786aa5ddeb0e40179d2b
74,0,0,0,fd0df1fb03c0f2822bd8814385096cc319252c8fd3f034971c94ed85b5886520
75,1,1,1,1eecde9373fca5a45764dc7b99b69d0e8561b653e0c556b21ca95ac900984c12
76,1,0,1,dfae47ffc6d1a31f464a083368143ff5ca5a011b787ffc9a9845be6fb559aeaa
77,1,1,1,9d0474e684709d8a7c801e564e131a6acfceaedf74f62185f9c6dc7c93817a3f
78,1,1,1,29d333a0b35d5265ab90b922a855dc1e61eabc89419225a9a1375ad6daa04d02
79,0,0,0,0c1f928010964a07dc0c2953936ce2be4d815c03428b954d582aa13f62fab129
80,0,0,0,6ddcd2b82955d052702a1a42228c91e0a0f8c2ae5a03ee99a1b99624c2fe2709
81,1,1,1,5719a3bb8d63122e67426735c016b89d38dd476e1019bc42e01025e74ab9acb1
82,1,1,1,cd15359cf60dbe68cbdbedba18e3223be551758994c4c9b36fc535a1de6c7327
83,0,0,0,b6ce43481beb8be169f403315edf54cd7d8b8b48c29ba49968ef52a4abf1ae55
84,1,1,1,8e00b6971069cd14f1c5d7e273bcdcddf7f44b55c3b62945d0408e7f0135a176
85,1,1,1,b771ff71199335d424a32980ccf320d1531b59b5b584fe94d4b14a5cb84c7a3c
86,1,1,1,7df0c5ac69b0821d56a50cebe3a6298febd95989c21619614f6b2385caf8abd3
87,1,1,1,73095742166f7e11077428e5aa0cf8c9dea5ead1f8d35cf5be18cb0e41e01334
88,0,0,0,15e30fd743b8aa10c110bae2a61455c12b74bbbb608dd50ddf478bf356eab5ed
89,0,0,0,5b5ea28788fa8a1621ac7bfd2e032eb3c1c72911a2bccbad8c72c8ad3718ac93
90,1,1,1,3299a2cebad0744d996c7b8088c8ba5101334491d54660e4a01f4b148031d3a0
91,1,1,1,42910bd26ef470a68bacdffb2c65587fd64f1bdaf98c311ee24884e73900bfad
92,1,1,1,9e279183528c848598ac93193c55d732913517fefb3ee8c9c7845f1669476df1
93,0,0,0,642e6fd068556da637f2f5d0bddab04f58b43b301f4f892e1055f74ea8549d6e
94,0,1,0,deca4b09d8952e212fdd110617dfc24cdf81a4ef559adc19e0dabb02fa1308d4
95,1,1,1,81840a189d4a3e4c7683fba4c344df6ac105f2585f44b570196b9e1554cf11ad
96,0,0,0,91692a0391270bd29193f70f002da044ef29d2068f6b2ab40f709fc0d2559b96
97,1,1,1,70e15fe322f66d809492a9a6252c405fc40b67847815c6b903990207e3705145
98,0,0,0,af09755c1300ad3976c467f459d60c4b126be19129a334ae3db49d43df489ac9
99,1,1,1,95ac3b8755e15e1997c24d11f51cd1c87e7001cea1ef8fa1e10464b5af55f227
100,0,0,0,4cb9ae9c2c855713fbfaa80e0ff3cd290d7429e2e9119e15d12d804910f3c1cf
101,0,0,0,da928d51739659276e471c4669981440db38dc6d528dd1da0b125dff2e6abce1
102,0,0,0,5df5e3d0413146816067e6e4d22e7db6ce81a5f45b671deba662338e6bc5cf17
103,1,1,1,4f73730ea47e68e112f94fa84cc2dc1a135149f574b61e1e4d1172c83a819411
104,0,0,0,bb915d9586a8269deac3122e51a7e087dd7b004501bff92b610b2f8e14cab6b5
105,0,0,0,dc59c6006de057b2362ac3b601ccd24f30aaf9afb6af56228456f641ebc9153a
106,1,1,1,487dbf05b0d0b6209873d26e6a404971734be4e7f13fb153caf5aae53fdc1430
107,0,1,0,9c3d34c7377f1c08a27597856cb87366d567503ac913f288a4323ba72b8e6d64
108,1,1,1,a244e220f9a8059b685fad02ab65b106f03a7fcbc08aeeb8febf7d6626abed1e
109,1,1,1,9ea46207b2d4b811f49f4b037368db31984d84bcd41574c54216f3ea24409c45
110,1,1,1,c2baa02c0e5e5fb9d7022e18e580fe7d4cb13fd0d24819262a9ac84819c6c6ec
111,1,1,1,a870e27277d2508c572377881260d07a0bc51522e8a72eecb07c38270e8f22d0
112,1,1,1,23824512a25d540c2074dccb9a65ad900699470c6891041c72967d5584d239e8
113,0,0,0,90c40866eeeecc1308d59ea8f22a47f618610a7877a49ba1da75c0cd26fc18a4
114,0,0,0,03fc8887a14bd235d6b089b9599a92b3f8f7a2209dcb9522fd22785c9607f771
115,1,0,1,14e4f61eab0c984109b6cc49d3660d7131bf420e6280594aa28fa5e372f2825d
116,1,1,1,b19af72558042afd844002dd527e04be050b324d3c0fd1dbede0345049980612
117,0,0,0,fdf82dbda154fa034c2ea949a43bf80de4dcee65c9636ebdc5933e49913f532f
118,1,1,1,841c8362b790d5df068950e3274cf81f167925ad92e767db2629e6a17dcfabbe
119,0,0,0,05279a060181bee6633edaaa6adfa03b9bf17f63c36c03d6e5c0ff7c94777e90
120,0,0,0,7802d7c9cb27de7def08ebaaba79b0676a2016a6d0bce6afb172117133169823
121,1,1,1,a5274a24b6eb836dd9eb029e6652ba881761c8599f6a8257669e089a732158cc
122,0,0,0,cbffb8db346c834baf398dad8a227732a27a553a2d1804dc66afc4151b08b660
123,0,1,0,0d589baf3e2b4edbcf398e74fdb3eb2e976047d573f92f52759c3060af325ab8
124,1,1,0,e03b6515703df71846f4a6ca5781dfc3bf1e49110355e9478da00903c5eae63d
125,1,1,1,14657e54da367c8bf86abb1644a1a5536c126402434831b1f04fcbc6ed389d90
126,1,1,1,06d3f003978b1026825839abbe93c83d570ad9677d0108b67e38e8fada45f611
127,0,0,0,3a6140d9b7a054c28160a8ac2c8de376a2b9af04a5f388caffda5d3ac8e2ce51
128,1,1,1,888bf6a06af8ef2522940213499eca70e2b06e2567fde650b315fd536a044f6f
129,1,0,1,afe52dd212382a848a02339f2c3bc830624c0cc17cf41994fd56815ded54b7d3
130,1,0,0,1806cdab646ea91d830619076fcf9a4177520e98743ef54bf82e4574c3b19355
131,0,0,0,19e848a30671b8ab6a507b339c2014d45809c1bd7f1de0e4df58c0540bc11480
132,1,1,1,bdc99cea009e8bb1cd05578c8b28bbeb50e9abc2e4955eb9276c7032ef12653b
133,0,0,0,bde2fe88de72621df7159dd1bbe4801c85da86647790b8705118655c9ad00db4
134,0,0,0,52f2fff8bf63f0b79b7f9b7252f651629cb5e4d4ff40e908134281bfd451e275
135,0,0,0,bda24acbb04ca1609e33158645ac5854a8ca4ad5158dc1b274e24a29d368ec2e
136,1,1,1,16692b8f65032252bbb0ff2c4c9caf42e9ea80c890b2114abf55e1b543d696fb
137,0,0,0,048bc9a00e863320dd2cdbb9ce6c04bdab629e50096f81c1bfba7e8e59396ea9
138,0,0,0,fcd1c4bdcc590bb6967373e15f99ec832b44c4296ed50219805b46b8d0b24373
139,1,1,1,89c22a4f03517e0ba9f5f724d3da0b9fa7ae2c5d593f562428d70ff1f1eae6d0
140,1,1,1,264ce4d53c4a2913b633c8b05b4675b3cf0bbf5dc26d13a4bb37ae2d59f2c3f0
141,1,1,1,a66e8fb8cb0124f5fec680ccfee3d7dfa6f70330ca51ea6ade8d60ff6634c536
142,0,1,0,823c6b7b37c8186e2844fd87635357054de6b1a8b2409e77a9158ebc4043036c
143,1,1,1,af2b5467100372c457d654182edfbeec64d67ca91c5dec82ea00f05f57d39511
144,1,1,1,1f55b691aa8ce9b0ff2bdfdd9db5cc105c51d4cdf6b69191fa2732c81b430ed7
145,1,1,1,f4cea6413a8bfe1eef568abef171406e1ff5818b09018be72a331469643b7f62
146,1,0,1,26886f2dcfbb5f93a4f5c2d2db5d7f5274ac0578a91db6f6a751febf6880aa91
147,1,0,1,cee47411e00a81c9aa371aa6a2f981483140d83e033948151e847956f2ada394
148,0,1,1,136132f70f7962058e0595d44893c6ae350aaf4db2bc7b1018a6b71b91c1be89
149,1,1,1,7885a6d4b3a07effb122a905cbce53fc295f48df2e42616e8d5a772781f5180f
150,0,0,0,e7c919d06c9b0a3f0f28736c4a79192df4eac824565b23a82efd442fea4d25f1
151,1,0,1,cb7077d076abbe167588fcf67326bf118e79cf8cab18bc0e0b12411f5605f27a
152,1,1,1,815401597e60aacb19d1244a30dacd9f48e06247f0341d1ec040d545ab007d16
153,1,1,1,f16d05aeccfda7eb8c22d288020feb9b1ee1955d3fcc32d0a05ed87c4a942c9f
154,1,1,1,5c153b1714018e6d8401c11326f7995fd3aabcb95f4df25da3f59d3150b869cb
155,1,1,1,50c285c076c4aff56a8a33a2df53d36b6edb9a0c0abe0366522e4c17723dedc4
156,1,1,1,b1d89c0fbfc62857937e742f84fe9a18967ca8c7f7a209b630a77cad9e940902
157,0,0,0,ea858a9c326cd7f0a92c123780484ba267c2cec7f7e5dbccbb289411bf5695bd
158,1,1,1,023e9ff5a2448daf39c4fcf083440930591b91fa388f7556e81efd0641ac6d83
159,0,0,0,6034045e46c0a2d6f322a4e4311acb7d003149ba345c209aff62ffa6f1c329a9
160,1,1,1,1c00dcaea29120d8ea9057f53b8325a10083861323f8454314e07285de8a18e4
161,1,1,1,9a0d89f0da98dc2b86e686a58cd48d1466872544d7ec0b0ffd96c623189adddc
162,1,1,1,4d71cc0cc90a4c55fb841c85dbb6cb3ce38105721c7ceeeccc069bf761c5b5e4
163,0,0,0,7715ebd55f18a3df74d6b18dbe0eed9fccd2ec81960e07eb365fc3e36a8977e5
164,1,1,1,bc703cb44c995dc817699ee71894185baef2cf8184879ebdaa9b4baaa9f9332d
165,1,1,0,593a2dc87fbbb146c50dc0fcb728549acc5cf8b26f9cbe8aa0a9a2f9f90f3854
166,1,1,1,08f194a4fddff76f2ea7742cb2a76cbf7048e030457b35b83a8857d14bd8e007
167,0,0,0,316ffa737ff51b20220842c47c4deb8b01a9abe0cec8bf5ced3b2d0720facc04
168,1,1,1,6f2213355341b741bc161bf0abf4ea8c9ed2f7e64e34c199a5abef21fe6d2ad6
169,1,1,1,5137c8a1ce514789f6e1dbc8c1237d996f4b5f733b0899b3ea94aeaeaa05a250
170,0,0,0,504ab088287839d6d7c3d03b7c25498de9328fec0e36ac36e4effff4ab379358
171,0,0,0,9698ecf729e828afdd053e4dab5389343fd956cb28921954da8658da978fd881
172,1,1,1,1d3a8607502104e76383ffb4dcfed95c6f28e9ea5f9e7402662f5bae4752ea92
173,1,1,1,29c6b8bd9aa115e6d37a1997a53ec88af0deff166b33f210a9f4fd5113864711
174,0,0,0,450baa2fb46ac456671b7bcfe1c8dbe85adf3c70e56ba2ff620206da3d12804f
175,0,0,0,851ef70e1b2a39d09231e45a87fa419f63463044c8a6a25d159a34295a44451c
176,0,0,0,38686d605155773353ab82cca3700b69f92acf0e30627a6a0919c90fb2a20cbc
177,1,1,1,e1a6287d19b7b0893a3b1613b8c5b457da57f842636cf7267922154c1d3edd36
178,0,0,0,e098f99d7be5d98b3aaa0dc359759f504a663c9ec9d977160e837f7d732d312f
179,0,0,0,eaad12ba70159ac1c8f302258928756f1876c9df4e719504cbd62f1c80eb184c
180,0,0,0,562829f908bc017df4d53d6fa9f821620d7ebce5b65acf4d758ca6906ceb7800
181,0,0,0,87767b383087d7c078a9049f1084d5f89b66254d20a72bcb47f2bfb7127f803c
182,1,1,1,9c2d39017f8da6cfe28bdfbacefbf98d2989d6726364c91934ef448a09f162e6
183,0,0,0,3c0b9d19fd3c2cc9cd14f6e99f341fcd8ecf20dbcfa7d8e39afb08fe534032d5
184,1,1,1,a2fe48d7d07b6166a8d65402876060529da1ec0b0ef7e9e54f97e65e60580d47
185,0,0,0,216e567e34a9b861a464b0bca23a080c34a0887f0e3e6f195a3cff1b8ba9c159
186,1,1,1,c36e6bfe0e60b92c5a269556c94705c5147697487364a424ad5569d713027ba0
187,0,0,0,e15711e786c45a6465b70e07052dc969dd9c31a71f7671f417aff4b7ccca6594
188,0,0,0,c953c4d0544b76acef7ece499ea088618c6cbf2d1c2b3106e68a18ca8d162d1a
189,1,1,1,13762f9d0d5030552f12ca0e4632eae1f90270dbda52b324698a8db5628aacfb
190,1,1,1,8ca21d58ccef9584d60de55f42d9d1373d9073f0e432a81c9f20c4d987dc49bb
191,0,1,0,29b62cc9fb1e69f0715645771df79c809e145a46d1608e8880f3c54534c0161e
192,1,1,1,19ab8b60a54a08c3db68d497b7eec496aea595a88279235dc43b1de750095353
193,0,0,0,44a3169d650702d22d353abe4db33eaa6557af2b987948f5521fb6eaf9f3cf92
194,0,0,0,ad7d6d95377454ef09deb44dc836e23961fe08e518308ee2a5c8613d065ffd94
195,0,0,0,fdb10156282fcc3ec02ef0bc86fe86508a413b8c6ef388f76b4ab0465079e2c7
196,1,1,1,f69ad0e3fb90d18d1beb1326773e86691fd5151969cf6b0f2e70dc44fb9a8e57
197,1,1,1,aa29dfb6017a7ebf5e3f53f30655f8cb48e78dd9013713bf6348ac6ff4543878
198,0,0,0,873e34afcf8daa7978a8a09584050b7873d2a4ee232948b0a4c630f0aeb5508e
199,1,1,1,c1906ba5c429af339525e67e92bb9cbf33e6b3bbe77827a1898c9545aa897aef
200,1,1,1,fcdebb7545ada0ad2f5874e8896ada08984fd1fe288c17fafb1d60c0d766c9b6
201,1,1,1,4ac26589b699d18cb4b0a665157643c48f4625574050334ef6a372ceac651ad3
202,1,1,1,dcc10271d5117a15e29a8a917d70fad82c3fd984a9fcb9d630146302ce3084a8
203,1,1,1,edd6b858afc8dd1da5b723b726984d8ecd10f3fcf59e2fcf52d8730e9b3cafe3
204,1,1,1,13bc108de96bb8d86105960276c65393f16864324d514858d7b97741b46dc434
205,1,1,1,0b5184b3d5f97b370b1b26be1c10fab310a1d0c8170d108debb69ac632ffcd98
206,0,0,0,997869ba26d2612c0ec86dd07d43cf35576a77348cf77ef42dcb833bbe1e2dde
207,0,0,1,2f76104fd44e216df76c9a7b6719bc274b1c7ed59f21ba0a561c102c4583904f
208,1,0,1,067b415d988d4c9963b878fc503f58eff8c7805148cc42367ad0879ba7eebadb
209,1,1,1,b107464d204a923cfc4590d230cfc56157236b50e4f92053f404f1170ddf6964
210,0,0,0,cdd4d5cc03d8ff88b6a33eb25e115242742acc5d96a143de24cc0e9f855beea7
211,0,0,0,d3943cf1c13cadd69b61fac49d2583974a7521cc65e362a14804c4d74e07857a
212,1,1,1,7cbc59a577a646c6e7bf0da7179ee1fd32c6e9482dc7c6710b6d268bd82a23f7
213,0,0,1,9ff7875792e0929b5765d7bd258fb97692f89610d0c7026f9e715b2ebd305a06
214,0,1,1,dbe3ef46f1f635e0a697cc8651cb7577c5020def9a54cac7b9295e8ce9780315
215,0,0,0,d401f2fab26c4008ab7093ce8bc78fc0c7c31ab22d15833c6a83793d2ab149a4
216,0,0,0,c7e01499b14839a47df39f3d796b3da409a94611159740600f066e076de0819a
217,1,1,1,e617ae56a36641543d95ceb7da224d3fd7d009ba485d582d42a65bb54ecd0cc9
218,0,0,0,181ba583d4729e8fb2dfbb699809ae78d79f33b0349c73178a872f26f7f16ba3
219,0,0,0,7ec9083ac69573a589690aff880c030661af014d3d270fe8747e083d9bc69f4f
220,0,0,0,70d8699b4f30aa7642787d5423cf46683f6d32f2bb8322294c9e69bf6ba4be51
221,1,1,1,d92cce67b2ba987db1e07a1e083f1f8e576e3e127c8293edeadc26fb7b4e8b16
222,0,0,0,7f0b38f43ad11885b6162a3fe35f5b69333d0042e87ae3716fe621d480048b53
223,1,1,1,ccb1d1a52de4b89b00645fd9e6da25bf738d67a9a629031225ddab637c75b892
224,0,0,0,68376fcb737ee12ce4368fdedd4df8bfa7820f477a98c8525ed11114aa95d09c
225,0,0,0,3ff7cee9db6ea5a5a82a49e2777b9396c19698fbde46f71495291a971ede9ba6
226,0,0,0,20f842e16142c665abfeb24ba4cbbfd947f875ef07170695255db51097c44056
227,0,0,0,79ca81985dbe07b689485a11d4b634ceff947575c6b8f981a98b70c1b7e2aecd
228,0,0,0,b9f33e9fdd5f18a0a243d34dad33d46c47a756a4ca458433bb55849185f01739
229,0,0,0,ad4f26094b7360321a4e4568a50715c049e0673a59d2a06c64cef070ad23467b
230,1,1,1,5e99bc07879c6ebba4c8673ae6344cd79690d1818b45b4ae9a2e5f1bb3bb6875
231,0,0,0,a07eca8fd14b195916a8d4179bf54b2837f21afb8044e83358fc17b0ae466c93
232,0,0,0,bf4498a84793acc1e87bc423669f6f6ed97632eb03ffad08a5e18fd53105644f
233,0,0,0,1a4a3dcd27533c04f7ebb9196d42c8464fe81dde7f79bfd78473b604732155d5
234,1,1,1,aab45f84ff88011ad4066e64680ac47511076d4e082515e9b1c503c8e47fbbf2
235,0,1,0,2027c77a7b8793ac029dbcfbb0d69ed2014f6fd2135d87897f1b1e2af62cc3b8
236,1,1,1,e3952a7eb23cbb5dad653d4e082dad6818cbf99ecfaf4e31e1cb72e916877c32
237,1,0,1,9206be67aa28b0b0895e67d5e0c2098a65a808ef12ae81849d6b1c7597fd7f37
238,0,0,0,f19cec2f134680d8cbecb5a9700bc4111b0cf48b747159818349a3bb180599d0
239,1,1,1,5e058551c523fdbb98765a155d96cc37f41afa3abb7841becc61cd588ae9e178
240,0,0,0,0903184d9698a4ea591419d991ea87e9c1addbc769ac3362517f0a11913513a6
241,0,0,0,e8a2e9a53b2e58445165d0299e4b280c2e664a86ed118c133bffa3e61143194e
242,1,1,1,5f3ba6f2bad93732cea9de77069b6b6c8677d15f16732ffc9721389d2e736ba6
243,0,0,0,1f19b5a3e634c4a73986f840b53426bf55fe4eda7e690e3a0e1414b2fc918be8
244,0,0,0,2d66544d6b44548f6285567fd38d7e39a47b205d75abc9986cfbfd38ad1190a6
245,0,0,0,521f3d463e37467882baadf4465151b26b1a59489dfab06698c45613dbe51837
246,0,0,0,7b0f47c43bd02e32fb6a1712b4cd3ecbf1fc22d4df3355c53a7d4c6ccaf65574
247,0,0,0,c08765db14f71edb38cfe5a9fc48b37bb7fd39146e3ce402362b3e2da63b65a1
248,0,0,0,a5b03cf3c7d8dd0ccf7da3211679ee39da3b650f1ab6c1bdcda5b9a64276d220
249,1,0,1,8e6727d97eb1a4811f5a7633736dc9dadd1ba1a9f3e13cf3e31649813002e59c
250,1,1,1,762ab3944b4ce7088c9cfc79a12cccaf89ba90d578a0462c2ef3689b291710d8
251,1,1,1,c218a56f9fb6c8771687fa39fa1833d0ed964309196b0f54ea4006a9d374ae6d
252,0,0,0,cd7a164148898e3f97d074f05c399fe9137168912c9d0ff9bc776137ae02c69c
253,1,1,1,c45a169709fdaa833c5c9176e9de41908432daa2a26ec1e009f50cac6376e20f
254,0,0,0,f39598d39d14c9636ceb48c31ec9385a2c1dd60c51fcf392f6f2dc0063cc4b7c
255,0,0,0,404f76bfb664ea5aaba60902b941de238e9add0f364ba36374c9e34cd028ccd8
256,1,1,1,cb23d5938128cb30ccf5b674317e42069128e72d30c1da0ea822be4743b83e3a
257,0,0,0,98012a9ba28651edf93e1c16006517edb77ceb0553c1b5f6b0a3b4f65f41805d
258,1,1,1,eb14a875828d05bcc57789c3c408c72479cbb7a773ab25faff47ff17600d68a5
259,0,0,0,5c9834e76ccb9123577110cbb18f59d0daefda0d22d39e1a7e2c3628a3bc34a5
260,1,1,1,575e1168dc84b6aaf85e90bcf2b0fe7acc3ddd2f8fbd5e9158a96de554e6d1df
261,1,1,1,ee4bce5129b9ec98158cd844002637435390f5429a298c7a7f403ab57a6b039a
262,0,0,0,79212ffbe2e7de8b44c3326f123df8f5f85862a79a379b6d6e174436cc761bb7
263,1,1,1,08cf24e470a7b4bccab1449de621a263e76018273e0472c0268be251552b70bf
264,0,0,0,6abee40ad07b910cf474d266506296dacd52816b774e58d0759d8291151b6fc5
265,1,1,1,acb68665967d9fc95900d34d64043cbfb536186ca134a6dd141b9e08486a258a
266,0,1,0,a6bd3b40606620d12c7c35333d83c757c835cc2a8aea749b0f604c282e5771c3
267,0,1,0,9744d82bd1419b6c198753a5fd4bb0c330dba175d39afee507649a279d0e1d3e
268,1,1,1,cf580e87eea7024148480228a9ab1c6aed14eb79a840de1841fa74ef9b4e3701
269,0,1,0,7bd38d3999c9ca419a7eb95151a0eb983bec0084c9ecb6f146ed5d88da5e36f0
270,0,0,0,f7759b93680f27e8e759937cc63c3f2e420e90f2a4c8a45abcd0eda8cabbc65d
271,1,1,1,21da7e62d96cd0445d1cd46d8e18f101b66591c9ba60758604756ed79e050ab7
272,0,0,0,966925aeb0b55d0404a40d78e6086c9c87ace2ff219bbf5eef7d6d6aa35f9cea
273,1,1,1,e3f18dc3f34a99f442edd725335bf4b0e1c92a10376a3828c99b1bc0e23f4370
274,1,1,1,9827f3e34bf791fa2744d08e9bdf8a18bbccc1a3f4cb4148fa3b78684a21890e
275,1,1,1,759a3c11f6cf14ee836c21cff608b6447ac1efd3b87f2aa8d4fb51d37ea24395
276,1,1,1,4f7b4f03792422d7a3493e21110c98bf477b05e1e894086f446484b6df543fa4
277,1,1,1,6ac2d42aba734fec15882421fa2495790fab04f1f157ee7ae45e82034ba840d3
278,0,0,0,4cddc667c46b5b79582477ec174998916c86626bb21f45d0c5cd564fe54cc78c
279,0,0,0,69846a1d4c222c087b20abfd00a0ab77f9b8a9cd191436a2654419f6949265aa
280,1,1,1,bb0c24564725d5c7768f6952e457fcfb53dd24e83f4b9a01bba4d86afdc0b510
281,0,1,0,1f67f4bbacdc31f2bd427789d9bf406aec21f72365aea2474f3b075fc896cdb6
282,1,1,1,c323f6be9fe42ccbf9a1bb54674328d2df40ae201ab3fe4602b2f92cb2fd0316
283,1,1,1,eb7f868c47fbfa8d6d89c73f6b20350198229f3283dac0acd8e8804faa1b3d76
284,1,1,1,e56c4e379990573664d2a7a712b39f45493e79c266c1800dec29349a153ede2e
285,1,1,1,6458d05a4b6bcbe8a71e6b552793d3ed26d024261cf979240f68e7ca19e8efac
286,0,0,0,5073b306a968df26dfa37d27285337c68b8f35eb92dc2911aff962af7ad257c4
287,0,1,0,cec2b0321745dfec2cf06f9e26c136cc6e008b7135b88e5667648382485fd63a
288,1,1,1,39d8b85f7334a35bb7e5db5405744dcc5208b3c8879ce64655ffb4f85c9dd5a3
289,0,0,0,1abaecfe0b655c57ef87ae957cc2149485d3666f5176675d4cc823bd6ef93dc3
290,1,1,1,d4bdd62a55c9aca5148de3bcd817ded63743e2c18469ea0dd768eb5d35520480
291,1,1,1,c676e64c83c8a34baf13112188f80096efced2718fb31dd59ab11dae6f1acb67
292,1,1,1,de479938860e1eafbf2d72a065b9dc3c635ab962749cb142f8aa098f2d1f0523
293,0,0,0,045a84e3e1ff62c8571b42fef382db7e3e576d6b8e06b561acfbf931079ed662
294,1,1,1,cd5a163cfbce9af2b658706df1dd5d5c661dff893ee32f0b633a42b384a521b5
295,0,0,0,c6618201ddc83497f94bfdf9b4837246922eb656c764f78f5b21a9c88dc2fb2b
296,0,0,0,387ce9398cc0198024ab98bf18bbd4a31de9b59677faddea4d8ace3a53f7d75b
297,1,1,1,2508a1b40cfd77303ed7a97885fae86498848cd58fb58831808d38deed08273c
298,1,1,1,807ea1018e136c80ffa950cee9f984eeb877d34d2ffdd632ed2463ddca1728eb
299,0,0,0,0ac81a8e31eabef7e49a06c3dd2e28bd3c3ae92f0e1884a40f968d4f754818ce
300,0,0,0,17cd2dbee448e409e174208a16a5509161bc2e98dc95f20b7e27255242f8a9da
301,0,0,0,4deaab5483a88323446bf5b64c2910f58be9d530aa2801ae9a5dfe8457f24863
302,0,1,1,10ac09dc3a151ff932579e3d547c9c5399315aa00c0e90c68806bcff97717fbf
303,1,1,1,c5645373a6c0781817e50384907a1e6f5ed13e38671a70c21348f5428e1f3d4d
304,1,1,1,76c1ff355a7b1a2d6a15cca736ee2449438081b6898d14dd628438c676176471
305,1,1,1,58cc26d4bd243adf5eee12a4338372a12a0d5969b4690f5e5786b3f23f984a29
306,0,0,0,f5ebe43e22b7b4a3420ee755cbe61b71c669355e70727f8683d4472b4a771cdd
307,0,1,1,ec848d71df28791f0d01f72185f893c59f89bd422fddfb67b566b399a3ad6a0b
308,0,0,0,983b53c23d279b2b5cc2479b3144425f1fec3781fc88cbf9a38d6398596319cf
309,0,0,1,e951f48845a765ab4f18a227ab7571f6a3873b0db854914122ee5ae1cfe38245
310,0,1,0,0c87df368047c427bbf2d11b669061db2ca8ba776f12ab2146e657c1dc3457f8
311,1,1,1,dff835b55b60d3147db27cbc82f9bb0be0845d431079b1a525756dcff35e9421
312,0,1,0,6428a4ebc95449e3048bbe42132418d3e95fd76d43086181ce8aeadb965d34e8
313,1,0,0,3ec139f63ee471b13ef5d8c84bf52d7930e19f5ea7e760809f8f6104c0bf2cdc
314,0,0,0,37f4f0c9e12be553d1e9bab8dc77a710bca39709bdd3ba23385c78d5563d2241
315,1,1,1,14afefb9e090b9cc5b2a01bfb7b53b3854116fc81a7380f02e540e836ec17cfd
316,0,0,0,434ca94f352cff70af0a74d62a0c3c2af6706a2c8b95fb1c8dd35973a1becdd5
317,1,1,1,577e5e8b8021dbf3efd648215026c00ba21b96ac564275c73133b8a01e5c5428
318,1,0,1,ab87fc46b49444f385292f17c8c77a682a7e694a0990ebf0eff81f289f872b87
319,1,1,1,95fe7635e2760b1c2e0a86721e7c5f1059eb96e60e74b1852196e124b9ef24b8
320,1,1,1,e2a15dc0f87ea35009591802a4b6686be75b98b46fa70d4cb9d424027430bd8d
321,0,0,0,7078df49ce419213c528514902c0f2eee4e30390ac6798e0b73322fc8d964851
322,0,0,0,b79c9d701fac2dfe9fbc398225a5f3cc95319b53b6430d5df7d29922a5b5d393
323,1,1,1,c63c73cc6437cdb6d32f4d28f23027178a8248a654c41460be33ceb1ab1f35ce
324,0,0,0,9cd7b514cf0359f8e399eb84cb2800f215c3654763455c7783f7320cee627cc7
325,0,0,0,9733fb437af86771fcfced8bd05ba4afa0168993c308131b4bd9f0c7f35d3322
326,0,0,0,cc3ac2cda75679af1bda6d15214c6895ca4b0acbb206568d5c2f1d42e83f3cb6
327,0,1,0,2408017fe1ec655c7d87e2edf2a91d21fefcf7395dead002cba0a08b7972ef0e
328,0,0,0,f77e9c0177179316c3bb57cdbce6804e070bcd0d7b3fa4523aac5eaacc83121d
329,0,0,0,d074e55b8fd1d8742c72be6c1498aa3625387dc861debb4c42929ef197107b60
330,1,1,1,cecbba6b52fb71ab00b157ff2f2357b095861ce8bb7afccbdbcda949e9129c3c
331,1,0,1,04ebcc75609589cbb4cd05a8d57e2783f3993ba6b30146036c08fba854037942
332,0,0,0,8c9eec81fac2bc9ebc93747bfe75b186cb373d9bb8e1b5e94e5bf997c4870a13
333,0,0,0,4bf7e914ce599bdf8a7dab4c49a7a374ae26a68b3df7f519ffadb62d61634127
334,1,1,1,c0e383b9b5e58de3591313782067bdd0a59b1642cb7fbe8ff201fc1ad9f17122
335,1,1,1,acd99d27a8368c84c5d660aa355a70370bd6d9ea037dfc54fd6ff7785f0a4051
336,0,0,0,bb60ed3545e4d739c9fb5a8b1bf6e9bf6f334f4481f9f9fe95e4cc8dd826a1ba
337,1,1,1,34bd5c8713e65d789c2b20c026d1853c7a0e4320413dda1e2d7804f81b5a6bd8
338,0,0,0,6b944d328aec3b5285076a46586e2fe3cf145ccf958baa1b07afb70872528b3b
339,0,0,0,616d3bf96a76395ab2ce39cd75fca651e107898678b7b7a00bcccc55fcd7ffac
340,1,1,1,a353de777e05b9ee67e5e5e6ccce8b43da1862d233c0d5194c361c8c93f5d883
341,1,1,1,2f710333fc2e870d8cde9783b17677308e59c1f3bc393a7273796e8f02991e01
342,0,0,0,8876bab1d618dc79f4aafed9a043f3fd17db5248a00ad109c159a1329d5f7180
343,1,1,1,f41b2c62507aefa9fb376b3cf96683daa645f045da06881442684968b240d938
344,0,0,0,a0810ce8391f7567d4c543409c2ffbb10d847b24e21ceb173178da1f9d010795
345,0,0,0,42e527045a7987b42060032b2408b54b900e91df99ac51078f6dea6388f46efc
346,1,1,1,2be2fd1c7306225e28e22ad264924d6c43d2256e51b16d451e85ef647d8e7eeb
347,0,0,0,3063b161b5ee1af6bbc588adecead22fc8d92d2e60d9d3be6cb91b73413831a1
348,0,1,0,f408e2548d54c654f55a12c03be816a17641d84a9210d18c93a5c23ae9f18896
349,1,1,1,6fea47f2b6e2f648d79a76c04be41a446ee9bd79336d20a96422ad1d1cd8ca99
350,0,0,0,ce3c1e5e6b5d728dce5bb35e9a8c30558e81b3cee8ccaaf03862a4f5a8529967
351,1,1,1,ddc06144fd7c225dbfcbfe2ba046085b436d7847e051a514c55dbc050ac81c68
352,0,0,0,e41488406a1db7c6343a5dcc852daba70a853bd5498fcf930e983e4a6a23514d
353,1,1,1,77c2d582e2d82161ba981ac3a0739073748ef7264ffafaf5b229845a3a9c69e9
354,1,1,1,0074e0e81601a86a57eb38b1f9d898aa05be7faf516311666b73e54cce941df4
355,1,1,1,954ee35af945872b396704c43f45dd362d60914719a9202b66ee82c8e0e4df12
356,0,1,0,e1f91773e608bb69ad99b783e72dcc171cfb13995a494a2c2dea3a1a98234f9c
357,1,1,1,cd91ed64ecd687f9de0c8895d8951f106fc186bf7ba680d28c507d644330808e
358,0,0,0,b1517098cf4ceeac424fcfcc5ede1ed2cb91ae577a021c7a535da3bafe096b48
359,1,1,1,7e67ec95a69ebba37fc1f40a8a9845834f56416061b15d3cc05071de30a835df
360,0,0,0,141e61a51bc3ef256544ef8808ff0d1dfc518202bae7d4802fec8a48d6302ae5
361,0,0,0,bf0879e11ca23dd37e3671404d5cfb9c07b71ee8d56f1a1ef5ff9b686c7856ae
362,0,0,0,e46584c63206d5384470726519eb62e3c64631bd6a22fae546e725ac6746fed8
363,1,1,1,519239860365e90a330c56ea8ce08a3d88b7dc1de37b4be82ec662de30a4547d
364,0,0,0,6565911b95040328d1222b49a42185de9539dea76c73447a9f1d1f2e25cddbd5
365,1,1,1,2efa5a946d8909f40ea473c57d31d21b9bd92f4a79e6ed01debe7b41afc66067
366,0,0,0,4cee91c3d4f086f0f53fd401fc168dd2a37efaa8bf725002fa54ea75421fae9e
367,1,1,1,eb7d1b099472dcc67e510f50afe952094bb45c7515e9d61ea9b990393fc901c6
368,0,1,1,a8e5b5c8abe3e121550ae8a15726e4b289374f12d6648b7c84b5cd63afede683
369,0,1,1,dd97381768b638700b67fbdf87edbe0b2c21c86471b552e99053e44b5a1bc150
370,1,0,1,85fd244e00166fe6540bf7bebc03618e69183d9d8c2d5af2617336c393f38c63
371,1,1,1,873c375dfc7a40a60ca062ce3392fe105a14f1a09eeea8167eedfe9f502d0e69
372,0,0,0,c3e923894e16539687211cbba79fa661ebbe93d71efb441a567b0d86a35d9365
373,0,0,0,7ca6ddb2cd62051b4c10464be2e51a85e84f2c0b4957a5aa65c90a6c2e18af66
374,0,0,0,09199ada53f3a7a561fdf199dc04d3e73e58303e62393641fc7490739113b255
375,0,0,0,9466d0a44781d1b4f941a9730ab52c0be8c6f02e1a903f02aad2443b6779c7ae
376,1,1,1,f18bcc821eda63d3698f4526bef97eb0853b2dfd2c3ebe9672776ec6ccb37f75
377,1,1,1,0683080664d71e3ae01d1c52ccb2a8675384a673cff6ffd9d480fb47f68006c8
378,1,0,1,979b0611276f2060759a5d6fc374ad61e049b28d1e63ee77e9a01a9287f4c693
379,1,1,1,1c3be2be60777086b7d6c249144b7bd5d0bf6a479449f9bd127448e394483ac3
380,1,1,1,6f47f02714e12afb02b12e9d01104aba449cf91b0fde9c2e86d959e8e455a84e
381,0,0,0,0c6ad72fd069b7c2e3d0f7e599f011665ce4304220f6d5e81222f943ee6d3ce5
382,0,1,0,5a2a94cd123c163fb8b5c46ff92cea7696c0531bbc94f36fc239ef793132fcec
383,0,0,0,1e6541e615eb42626674472089c53122ef30e028fad9ee558419ea96beed99b0
384,1,0,0,f6631308b2352a1a1853aae580b349679993d4ad51fd616b3cc544df2c8c8091
385,1,1,1,92d4ed361f2f43d09a936e9042b644f279b7c470878b1b330efb3688fa5faaf5
386,1,1,1,be71839febf4da67041b555dd0b21917ca8d041019fa7de65c8726066c530e54
387,0,1,1,9130a7ef2d65664252ec11e43de17122a6efd4731d2109ce94c57f03425edd60
388,1,1,1,9e5175bb22ce3917d43053ca6a52db4467d936c006c7aec8bdf5492173175245
389,1,0,1,83e7a1b97b7469731fe9e1a8ecb4d591c7e38a9fd21a40a00d470aa35ca89e7f
390,0,0,0,762d1bb3a6032b70865e4ef5984cd866d0e0be1da7e1773f289f1c8e0ac0b41b
391,1,1,1,276048bbb49180d664d737c11e479c55539c7d68744f226ef1f4e4d621ef91e6
392,0,0,0,341e580a9f7dc4bd882dab1356397249ed7ab1d50dc754c1d45fb63e9bb76313
393,0,0,0,664e83d55bc7a91864db27f1f9ab1f02a6fdd34c10a44295d78a7133fcd823b5
394,0,1,0,66bf4272a7ab54d7f52e3daacf649078ce6d2e7d40f734d6f94d4707f1bf621a
395,1,0,1,8b195a476a724517199a62b616891bd64c8178b0e741b8be37cb84aac6e67f52
396,0,0,0,6b422b78d947581cce230cff971ccb6aa9cd2abbffa3e429161c894e15ff4f9b
397,0,0,0,82233ba94450c4f21ea90f6824998bfac74a77f27db7934897f62920f443e97e
398,0,0,0,b40b5d1bf699486639cf90ab863bae3d9cb98f96c49fea53cdd0b740ba095317
399,1,1,1,b6314cac9c22bdcb6b571be4e94329b168aea8a8de38528c8d7f217149e849f9
400,1,0,1,a03845d6e0f94fff13673504bf8a82330bfbbd36051473f365ff907c475d111a
401,1,1,1,27892b1aaa10ccedd64f20a345ac7d194fe3575f1f6a48281af9b83f761b1d74
402,0,0,0,aa08f9e385a51ee324a81f1401bcac7c9c479cea4512ec5208f11cdf13bd50fe
403,0,0,0,4403998d82bc65d76c30aaa29f5d7f7ea37b7632cc27e5e752744ca812a7cdef
404,1,1,1,381eff528d8d0ed3a6a709c767fa85039697732c2b07bc5a4a12a69f42e6dd19
405,1,1,1,aabbe6682865f75fa331dca75e15875ec3d4b5ed37b69c048c0d62ecf7e8723a
406,0,0,0,ebff9ac23cf282cea8091b7bcc3c675945cce7c10acf9011c139acfee4a57a0a
407,1,1,1,e08efd08bb7bf1db550c913268c12399ef015dae7d18f5ab8aa198e83e129deb
408,0,0,0,aa08c63065d31af8c3f6c273166b24fd2704104270b355cce105545fb2523cfb
409,0,0,0,5febc89e7aa85fc3980714a91f1c2850fc7e371ebaa4e0a002543e737eb75518
410,0,0,0,e6d025b7f875ce800350a8073d7527167ab9876d2f509a0458d36233f4b5ea06
411,1,1,1,9f9bf5eed386343b6aaec7737595da203eeff1cc86ffec8498e8a377dcd61d75
412,1,1,0,209cd7aa32177d21cb100b6ccbbf403e2be69adbea9496037d6da78182b92133
413,1,1,1,9c52fb17b3a0d1f1e7d54d6bdf03bac835bcf82ffdb6a2778e9e236656824bcd
414,1,1,1,6c7a4da23a401de9bcd7acb3a36828a9425fcd633fcf69342c20f245d6bd79f9
415,0,0,0,94d8640db16c1dbbc02357a1849fa2a1ffdb23f954fe78c6254ec7abc939d1ed
416,0,1,0,f29398ff25bb7d72ef3b634630c64df7576ac8b1f521f66749abe62b5b73fcf7
417,1,1,1,4038dc2e838114849ddada002ae9305c14e601f28837135bc6476a0cbd115fad
418,0,0,0,19ccb54be83c7c4393fdfba1eddf5a536403a478499f2326476b9f1e7a799b0c
419,1,1,1,585e3b5ba1ca45baaf2b1d01cecfda64a9e051346187e408d33e52e0f463e8e3
420,0,0,0,2672d89ff3d0cee06051ac4a53f999d0b36d9482a55fb945c3f72cdc6fe7e595
421,0,0,0,f51d01c06621813c252030d1753d46988d71ddc3f269c62ec9721081251a6621
422,0,0,0,2b409181629e7ff6d432f0d506abb1ae5459b0eff158cf3da04166cb038b84d1
423,0,0,0,018376d50dade63f0a6d04c100a57feb70d79958581d2c1b5785b7dc208b8f13
424,0,0,0,d162601a4aa9500342a5feb5809cb5623272daf43b38fa20af13a5c863b2fc11
425,0,1,0,05ff30bae17722e25c8b04eb2b1fc277910fbc4a4bdc29130b661cf5dc5ccf65
426,1,0,1,558761f0dc491c26d30df8ed4a8599a88a73a755d25c39cf3b46ae373e596f24
427,1,1,1,db4bacffd95763b9300d137bd7c16c42924a40cae12e1983f9e925627ce25e7e
428,0,1,0,52375522a68f9b4d82bc2f5932aed4a7d1ce1ade358ef0b57e5d996eaf32ddbe
429,1,1,1,e4d6bfecf9457cfdc86e876895a7e6b5327677e48a51b4403d540f59372489d5
430,1,1,1,e1e91ebd4a1721da0d2b5cc0b2dc1baf45161eac9b1cab7ad62d273e56f3fe36
431,1,0,1,0a0dff8b6e3b7bd25cbafa3a44974e05ea2f301fb44a504f8262df65087d12b1
432,0,0,0,2c0ab5596d29a44a45cc8cac605f10ebd79ddd233a95c7e7a5ea177ae28b43ec
433,1,1,1,03f26213c8914a313d1ae7df185ababd914447935bb28aced3c59962ef59738d
434,0,0,0,1853b40ccdc078ca7ad8c5f77c9efb9f9b6622caa41c4ffa715bc8b933dd4bf0
435,0,0,0,fa18f7d8f9ef4e84310f50d0a3a72f72034a0ed8c5641211632f5a9238a19f6d
436,0,0,0,5479742e53abc2326dedb1f40b7574d9ba59d282de138f6bf5531593577d8b24
437,0,0,0,f138681f46be7555f838cc31d724a68bc34cbd5bf4d8cdea8d7d45b3fbbb7554
438,1,1,1,e2929fd26819501cf96d5db97de330f6993329da9aa8bf45b3fcc5f5d0a220f7
439,1,0,1,d2b521ee23da779b00a37c02bdac8baee33ac84c82ab05ff7181c6644b7bbb8d
440,1,1,1,d51a6c5bbb85908e60f9bdbc0163bed39ebfe6a5deb8a6162724270e3da31118
441,1,1,1,926090238b1d79b7d82ccb3f40b44c26dc454ff051f4231c5d7f76fba593faa6
442,0,0,0,8ed47c6fd1bd419531ea4e441ee24c3bad62611c3c02a8ffb503f01df1704c39
443,1,0,1,f70b4cc49669ae4abaf771e637a138afd36e7e2c5741a78617d8af6160c26a42
444,0,0,0,0ada70600803a6834bb2ca66f98c2596c081c750c750ec6f006a9e3723291253
445,1,1,1,1e09db5b1ec69ad530c0764edc0b0cc5494e4fbd809d1606c0dfe57fce4efbb5
446,1,0,1,f4e236ad6453f292502c3df46476872b28ae5897fd51e8453656c15b1e0d92ac
447,0,1,0,c607f13814b0b3fb08d243e7712da5a25b82fe376228db6c9a7eb33cf0383e80
448,1,1,1,79d17775616d0b6c200cf44e79e6b7fa28e6f79952082f076286113688c96f7e
449,1,1,1,9e784c2f29c46677316a828b5e868c212ba492e507fb77cae343f0e4a56317c2
450,0,0,0,a0bec78a5466f90261ea69a8b411b57190ce736c0ec4cba16e9c437990189f4d
451,1,1,1,1001adcf9528e889b812582512e580efb3a7a860d3751627ee1adffafaf40351
452,1,1,1,b70eba4f323ce34741ca3c019810118c4bb5c5a94a2edf8c5157ad1db1abde25
453,1,0,1,ca4fbea43953d861eaa7cecf0b0ecd20c9aa398e56d0b8704bc1fcc065a1195c
454,0,0,0,71fff8b09f17cc92da4d9b2b1730c9480232898d1374672ada7a73c22393e181
455,1,1,1,f9e2d0a31a497f21046efcfe8eeb418099432a25b5f45a6d5f5a575dea52ddb1
456,0,0,0,c07b1a517f6faa524d4ff3da3c86c82456428e42dbe2a748bc407974781b68c4
457,1,1,1,ca89b620e0c5f8247da963b53ac28edf04b797175f9f90e56de762cc8e4495ff
458,0,0,0,4deca48f2bda29449ebf811609023412c48681eb96d2107ec11cf5ce7938b205
459,0,0,0,d13e62d39d85df685cbe064bc69ee53d28eabf0f42536a4aa90752fa681bcc52
460,0,1,0,e2894df536b023aab49eb7cb8526fcb90e56e7528025f813cdff1947a85ef62d
461,0,0,0,0b4b05df4d37a7ac9b22dc09984e173501ce60ac93dcba328b5bc52e8b674833
462,0,0,0,8e1374cfa54d155c67d134ee0087f1c334bc1d4afa9741e6b500cc497b41e4a2
463,1,1,1,bde6f04d719fb14985dc7dfdeb293f72e3e16dfb224bd7d9f1bbaafe05c5d252
464,1,1,1,96033183b957002c3a214fc6f8f11caad7798b9bc552d177f45154fb2252b2c4
465,0,0,0,ebb081e041aec2daab6c4dce7b049ce86bf38e632bc5928a2ed75166e763ef34
466,1,1,1,ec13a161cb2fb9b46222be05ced14ad7a615c84b7ae69361bed117bcfa5f9ba2
467,0,0,0,89f8d3f0dd6c401d329f6b8ff4c4da62a8b7c736ebaa76d2069f966fe13d8948
468,0,1,0,840862b4d1ead9247da0ad5d66c8ad97718a23da4a4b141d7d0364f456c751d4
469,0,1,0,5fab74b82f8ef7ffc958efba4ea9350c085e4c67447372679e0089f175d94327
470,1,1,1,00a68083cffcfd8e6af0791821c75f4b1060e4f89b477f8ab0b077bed9d28c3e
471,1,1,1,cfce175df0e392dbe078b0925d96f91d40711c50f426623a7a3c0e37d975aa71
472,0,1,0,d16c5980db5eebcd31dc52f0a455ec962edfc5a64e56776da5780540bf6ec5f0
473,0,0,0,c021eb9db45b0ae22fb8423be9f3517b13f82a1e90c98bad83600b42816b9ece
474,0,0,0,2888313653349f6a74b143830e49b0eac881b7a628d08562ece4b6a92cb1b865
475,1,1,1,521ecdff0cd6c40b3695c710d39a5888af7dd5075ddf524ac33402bbdbc47716
476,0,0,0,f8720542ce81214b16cdafcdb3484509599a310cabdbdd718f077daaed558840
477,0,0,0,f1f21f16d27d4a7253bf99e279a791ad5135f35ee247c4f00d5a1c931d3773e1
478,1,1,1,c00efebeb816c04741113900572b7607235846cfb657977fe357f99c86a31d9c
479,1,1,1,1d0609f884396270c6c54de669a7215e406f58ffefdc38c22368c5b8a1d852fd
480,1,0,1,27166683baafeae7ee722665b6783a25f1a3ce53c169354b7e610bb0c2408fb5
481,1,1,1,5266d1883c48b46ef730c1c586fb570bcac574df9626c6af2f1e7ec0fab13a88
482,0,1,0,db7610d9cad1a142faa07167a4e36115ae080d8495ba3078cdc590e1eeb35d4a
483,1,1,1,2368253ba918adc7ddec897dd020e8672964fdd5ce8660ba14c7deb88ee52aec
484,1,1,1,49072eec3a6031875261718a31ea2199793f31022be5cdda6d51a6365ac055d8
485,1,1,1,ef162be9a7ad25a93a86be4ea69c2a55d9a8873e752555eeed5e4285828f13d2
486,0,0,0,37d8ff78fd5a32b61ef2d1814a7ec4f5ceb8827e27d1f61a544f0ba1982783aa
487,1,1,1,8e12f6ec5621d081260e9a6226ba3a0b64130acd42bfb25ef7429c7e4e597d56
488,0,0,0,2d108e0a80b3b48b894879e1bbf50c4462854654bc3a72bf3c05a071823788cc
489,0,0,0,95228cfa8a90e792a9f3aa805e88c39a0d9d78dc055ac2ff2d59aa11a5ab255d
490,0,0,0,d46374c670facee95dc0e8289f2abc445261c91d16dd13a295e0a9978927d3c4
491,0,0,0,687cbf5382c7f8d0c35ac5988fd8ee0d87a54f6e86a6fcd737087c2bb5c61cdf
492,0,0,0,81909f1726e03abc4227099b26b69784a96a3202dbf34591861cda41ceb7e769
493,0,0,0,b2348387e2ead15d72782c1b4c794a6d2a0ac64794996cffc52da5bd01795f90
494,0,0,0,b1f1c05838b237bf54b90ac1f7da8de2bf6f04dfd4d807b5e7dbcf568fe433d2
495,0,0,0,cea8dec622e257c86728834531b37edf59f03b4e4935bfd53dd0dc7dc674a9dd
496,0,0,0,ca247f5d5fe9f40c37cf6396d45e21b918871b030abc23c1f54ff49d388c1119
497,0,0,0,312e188e62bc2c97906a9c7b43aeff74ae49e059befd5b37c18f49e6c78a3d83
498,1,1,1,8ff513181c4b6981204dbc74e3b606132d32e0bfc598929481563a2a4c478b33
499,0,0,0,09c095fae009b8558b24c27f368156df9edccc9cac1a2d5be0e32271910057a0
500,0,0,0,e399b7059944214bab1fc0ebd2008ecb0dceedebf65820d34ce2c1e2188cee0b
501,0,1,0,ee9e3410795318e44c56d1e472663f3f1dddcafefc15d94db95bb6da6149ab3d
502,0,0,0,61f5270eb218a3d5620975a84981b422d9073a389000df99edda47e98b2ee5c4
503,1,1,1,ee8bc34f9c5461c96b33b0d787ccd84b136b38907dc66eab2ffce18f9a38c71d
504,1,1,1,465ae8089322916c4b78dba47d826d22c1a279a545a359e93da72b259f9eebc9
505,0,0,0,18a1c354eab61b39e02e7831bc2c1023a3d7501c920c31029c7db3644185e365
506,0,0,0,6f719004b0f779271bb06174d32764405433fb50c7346e8f99e8ae21beb1778e
507,0,0,0,b449c3e3ddccc9da8dcf0ad14010aaee8150ab9a2f551f0b361d98b92a55801a
508,0,0,0,6db4715fb4da6ceb6a3b819d9989cd52b67461cd764b6540b23d9397642a7b4f
509,1,1,1,a9450f39f38172941d0a9d6bd33f11e634be4dc25c22f396284bcc5538ca9b42
510,0,0,0,a143d2d8b234ad1c823ce5a14124491d9637b369e24c354dde308ccb4f71a6f4
511,1,1,1,9ed4e01912dc2b430c2a7477df4c8713b89e3e076165ed650cbdabd55ad40c2b
512,0,0,0,b60ed54dda6e3aa1578bde7d79c8b65a7719902fe796bea3810a46aa878d3c79
513,0,0,0,e234294a14209cbf9c84db65b99ab6b2ed64eb7100471aa4b4c81eb70ce109ac
514,1,1,1,be7b5f4f80ab3755fb74518ae9c899c1dbd2dbb47e9f86aa0c22ae0594cc3214
515,0,0,0,7b4b348030a7c008b5c5c023772610d789459b8feccf787db5cc68ed547a3826
516,1,1,1,794b2d1ba951110a9c67926a90c0706e1a3caa73042eb8a2c7899495fa5b74ab
517,0,0,0,43d262caaaeb3e517c698b681119102e403e073ec9a0f84fd03954c23630393e
518,0,0,0,b22907617e9f41525a8c363f9f88b7550dc6254c97f7fb46d65d6166b69f2e37
519,1,1,1,1572c719aa6005a396ed1208162b7f0f5c5be809cd7930f1f67de01539f73d3a
520,1,0,1,e617c17c7ff72fd0ecd9510271606e8472a982be2fac3a2339d6ec409f560f38
521,1,1,1,c0f797b73266f34744d1abc767db8887295f2e434572f7be121975cdb90a1d00
522,0,1,0,4c31384eafbe2ec4d0c59f85c583a4d3968548919a3b2ea3b20d6d064615252a
523,0,0,0,38ffe2ebb1a587987044c339993fa69db213ceee457a158fb70c3a9aec7af2d9
524,1,1,1,87d2a36ff36444c660ea90cab90446f65ede2525d25de35f75c7bc4803537b5b
525,1,1,1,afa3bccdc9c9c6ee19cf91a641b1a1e75e01fcecd86764009249b36ac3050636
526,1,1,1,b0582f38ae36f2baa671b8042a70b95ff348574ab915435fffb01c8af7c6702e
527,0,0,0,52ce3501f61717b2988710adebe83de26fb6e9dd8f71035c4010afe0aac43760
528,0,0,0,e3928a39e0b715d0dbce21cd2d4fa345e0689d3cd2a002ca63a26476f1bf7d42
529,0,0,0,fab025d2c4d68b1a1ec8809a59c8f5914b149ab04b1fd22b5213fd4f6694e341
530,1,1,1,7fba2074ca24c940c00c7051adbcc64dde3c3d7506e3773ba91455c75da6c53c
531,0,0,0,00711851e26bfa55454c28f6abe65d942be1839227a7d946227d32406b195ae3
532,0,0,0,baed0dec7b252b2a48dabef58a7c2f8b717cdc453877bad609b4138bd94679c6
533,0,0,0,4f7f407e0bf30281c80eb40f670dffdcc070da1b12578db10a4774aa6ca14e2d
534,1,1,1,36e1a8e143f947c30ec0d421713788bd4f31b50e72f51071144751cfb1927f79
535,0,0,0,06c0e601a79630586eb2599438446d7b0f4ffb8d51ae74ba5b3dd3fb489e1d18
536,1,1,1,7cc2e60028ce7bf12bfe0865bddaad8cea94b9157a274c68e099d6a1d8fd4363
537,0,1,0,de9cdaea7c53b67bf562e54cb9e7c14b3a92b37d117a567d1fcf84d003ba3e59
538,1,1,1,4b4b47b68adfa857ee29b9708ca7e3adbc3024d44a63654c4ec0f29f27933880
539,1,0,1,36ae611691b0cfa2e0353f7b78f70a892ee2fff5acd26bda98cf90381a360a0d
540,0,0,0,57d80f3bc16aab31b80a98be4607e235bb98592a697045d5d01a200e5f4230c1
541,1,1,1,491954b7ccdb8acb5923305482af3d1b4c1c773d05da47296d48ed1742a85e67
542,1,1,1,4d75f576799f9148c832d82f3dbba7ae3837f7fae5a8586737f7e213108008fd
543,0,0,0,389b42664e67b5a1a210a8c6aa2eea83d10c5b16a6611f8e1061fb2ffd72487a
544,1,1,1,449b236cb083d9cbd29b3124938243eb6c7f80e8b80c39caa9d84e29d594400b
545,0,0,0,81d8bcbe02b99c7fb5c755dc3d92bf03f132eb09d2163d3adbe5b82c9c4fc272
546,1,0,1,d74d6ef5b66a05999175e36f45844f9195cb925f834ffff68cfb2385cb22a3b0
547,0,1,0,c9ba3d6a5aa9b58b23aa1300c9aa1409129123dd94051e815203cd3e69f574f4
548,0,0,0,0f570edaf879fe0b86e77d61c9dcb1334a745282cdf67832ef867c58faacddbf
549,0,0,0,bef38512dc83dc774404736e494e04af48fac8f0cc0b285ffd51be93c9857deb
550,0,1,0,51ca491bc65817a115c5bec37d0189c9d41d68be9a8d031d7ea77d79879ffb07
551,0,0,0,9788d41bae79d4784097f74ffcc67fa3e8821a314bfaeda676ef78b1dc4108c6
552,0,0,0,dbadf80ca37809aaffa390007fc38d0cd234243cf9ac41deab6908559311bb14
553,0,0,0,a00bff67a04a4aeac23bbd780f94e0a47c900b78fb57604c0022d4028eea0053
554,1,1,1,13fd818106b3457eb2e11ba5d78b3b83ed5eda6d799a9f12a9a4b110621f11ea
555,0,0,0,d50fc8e8f4e2a22be27738c0caa301c23787ea6328fb19a719b35238e8c06b7b
556,0,0,0,33429219224b9989b2b852d8118e30147100c1cc182f206e69747da8b433570f
557,0,0,0,ee08030414d95d904ec4408b2e0df3aea2aef2a6a35b84d2a8b4b3712bd36d14
558,0,0,0,9e5b050d4bc6de504600c2a18f8b40e028145a60f51a9c6b3b0066b150edc6b3
559,1,1,1,59b3fa6274d5d2ff96c6892b98afee192135ba689ae8aacbb6aa491e647dcba8
560,1,0,1,ab2e854612ab83a24a8635eadac414099ea7b4505296406133d37d4217d4d6fb
561,0,0,0,00080eb236e55bafa92ca718b3de70a96352bd7c44825d5e75f12db346639bc2
562,1,1,1,29c9d3bf34c2c19b3d0a4acca5451aa93e50308533e074ca66e3b877d51a9514
563,0,0,0,caef6f06b7f5379f33d5682f80625507f36ef80c3d5482b335b3a273b004afc2
564,1,1,1,80cb45f8beb8996fa3e5de5dba8cafbcae633da9b7e1e8d434e94141b60106f9
565,1,0,0,19f55ee29277130d652ed62c37b995eb719327bcfdbe3bed1e4309d1d5116404
566,1,0,1,7a478af843ad82414e19419fe6e644f38262f8fa977a9fabd1e7481e734bbd37
567,0,0,0,428d7157ed44ef0051879416391e8cd347ddb94bf4149779fc9283f199a5b264
568,1,1,1,059732dcdd452b7896bde7c059edb54f3db991bf64743360a85c21fe01596c31
569,1,1,1,87645ea7ca4f59ea6b6b7b0e2a8a0912b893609f256e8c0a96ed8074196c5885
570,0,0,0,ca0ce04a2af0bf7d311d9d302c7dc9a58327df03a3d3ee51ede84789d3e83737
571,1,1,1,23199a44ef47b54fb3cd6508e0d7ad2c95f6a1eba7a6b6241be09b2c439611a8
572,1,1,1,4020f4d499249e943f5fb3a42057ed0aed88a4eb3cee29c8cd02c9eafc85c800
573,1,0,1,bbe29073f394f7a539ef06f97bdb856e2aa2126bd7edd1b5ca86f5318f4aa486
574,1,1,1,40a9f3582707084b8c1626bd2f6b8a53536d0cdb43f1d19c09e70316f63c762b
575,1,1,1,5a9bc4c0c87b2b8dc45b78eb7af45a86b322711d07ce0f57c91e5a5b2bc39ed1
576,1,1,1,983826cc8a29ea006b987d5f6c5b6f28b1920c35cc30e6428d980f41a8bb1751
577,1,1,1,e7f7e6f5bb676d0f5cfab920f98befa823e561b47c65ae70ab3603a936af5f7d
578,0,0,0,c1282fa73d78e74a7068a4ff82dfbc3e1ca58f943d3a01d0b8e99fd5b5e71aef
579,0,0,0,b925f3fbdd6d6f99a4668066cdfbfb27ca389aa360aa990e4fdfd426741db77f
580,1,1,1,db6c1749155d053a07b70fe42f9645133781d317b2ddcfdf91706cd794946179
581,1,0,1,1382c62258c93964c6bbe3c23e556b7ddee12c1b10471d1f9f563960333b89b5
582,1,0,1,e57c20a6ae859efc2ee3fecb4f007ab007edf77e0e14c1b1e3dcfe75fb367853
583,1,0,1,9362e3cbda84b43164462e740e8d67857294084062cce02a4619b265a16b3b02
584,1,1,1,d339b08aa1418694ed1b5b68617aa06d22ce8478858793a9413f65be912ec864
585,0,0,0,973462b4d62385b36154a9187577fb9f04e3294d5c0ab6eafd1c3a9656bc16bc
586,1,0,0,2db06f4709807af62380dfb30198f343d9c369808e7a9b4d49eaa84346643871
587,0,0,0,b6924d318e84d02c0aa71f58dbb844aaba090ff226a80e2f3d53b5b10fa08fe5
588,1,1,1,fc989f7a24def6521002604b0b7f8eb7d9cbb42e8fd5e15b87e05e55bfb37f09
589,0,0,0,b54d62eed81e6691d1bac7f87e0e9bf6d2a29cfa132f95db351c89aa184b4cbe
590,0,0,0,712511798693e1c25b0ff450f816fa068fe6c4f76641a7139e93ab575309ac4a
591,0,0,1,c663ad353765c1d4a29a861646e0926e82486612534cf52278fa6cc3e61d4355
592,0,1,0,4917aa2c3fdb33063d7206e337a2ec0d99aecc3f21ceb7767af50747927e705c
593,0,0,0,196e3b6e4e5c5c802f37f0c4ba5851cf5971220e1aa154096729ae656621fc4a
594,1,1,1,3fbc4c0808a7bf860d84d9e147b75fe7bc256409ba06fd40cd4745ab0a0f5a28
595,1,1,1,c82a78effad30f3491c235b841e765b8323e5454b70b123bb656e3b93546bfd5
596,1,1,1,c3d0d9ec0e65f3141883e26ed035f1bf4366b752d873f9de291fe6215a40d400
597,0,0,0,30ec95238516caaf9f9e3ffc0f1dcd53fb0a050162eb13cf2d9bd1059798d511
598,0,0,0,7df309546cdf07c2e1f9b870c9224c14b5364caa4c9d28b6e59a56cf1f949ce2
599,1,1,1,bfcccb6b762fb95c7357443a5cea0740f7bafcf4089c23fe98dcafe5358e330d
600,0,0,0,da68f23f7203f22dbb89dbced8e1aca737290c63bc65cf4d11264ffa7eeb3a16
601,1,1,1,31fe21f85b65502c00052859e81475b86fa8c04c6d21d63551805f6b01f412ee
602,0,0,0,95be7b2cecf138c6132b7fa561e4dff1bc9bbd6e348642836a775deeb7f6c6c1
603,0,0,0,73ea52796f070185797321f3d82fc6f872aa16152d6f80498216d6b6c75e7396
604,1,1,1,087ad63973c4f82f2502f48946af9add65d7449faa98fda74c233de658c7cb80
605,1,1,1,df9b49be486b3f77b35c08f6c194aafe8695315a437cd8c02b9ff73ffcd0924e
606,1,1,1,627a84f8017eb609685177bc36bc1452928f778bd9fde59f46eac836e28c8b0e
607,1,1,1,f0174dbe76a5784318dc153453fb01af4c13eced86c7515cd44e67b335e32b58
608,1,1,1,f4dcd4d7a2f3bedd7feb8924f839c6e5d69d13ba7e195970d682f7588d5d2505
609,0,0,0,06aed2ab5e15ff8ed0d0d4726defcb759c6fbbbbe8e1dcd69076284de6016394
610,1,1,1,7a227edc1238ab330a52c4036ee7775ddbbe3e6cd6a7bd144e9a49f70dae7244
611,1,1,1,419bacd382673e1dec84c01e9ad35cdbdd1d7d5455455c06bbc82b9ad073b567
612,1,1,0,334b0286b803474a1a6c93e2e3e0a0182980d667aa908bb00675d62ee9111bc2
613,1,1,1,c42aa3f5d603dbd9dc842e302558bfad43f1433ed8e05509ef8f4c3ae9a4ca23
614,1,1,1,0fb2604e335b67f71b5b8e20b05bbfd7ca6a744341f86c3491a2a9791d090a68
615,1,0,1,361cbebcc5124df4523a64d26b8e9c1f3f74af5d3b0974da0f9a07f5e61fa36f
616,0,0,0,0a42b126a3c225f6e39e24426e0a02ee7ecfff7ff4821a0f89db00574b018f63
617,1,1,1,3e8e96cb9a1c76d04d694c85616bef113547dfdb36a9c162f1898f54428851a3
618,1,1,1,65de7961c9c6f2e287b991cf1bb9613e1a6cba3197ec71f744604ad8cad87e42
619,0,0,0,64827dd6e7a57a23db98605f248c9ab7c74741e57ad423d3de4f8389435fd917
620,1,0,1,16c34bca6ee533cd73ef2a9c33983c5c90eb61f93577ce8f89952d3f8e97cbcf
621,0,0,0,add1effd286d8fefe256be6273b55c53215b3440b75706c185365df8975270f1
622,0,1,0,b16f41507cf522f146735880fbd55a6e573d97bb72d8d2157d1bd6842dd05102
623,0,0,0,c7c1bcd27528afefe0b775814f478cb2003a5f1f17b8f4d48572630cc04f846a
624,1,1,1,8c3359b44083042f607419da6891fb928612093e07d86561b3c8b1a65629c15b
625,1,0,1,11314f77d05fb26580ed3f3028e3136bb4ecaf279d8bad44a206ab1913c43a8a
626,1,1,1,3e8e6bba4a8f4a6f2b66ef7dd7b662c32ad00eb4bb38ef65932847d843fdc8b4
627,0,0,0,3c98846913481e6f6806918ff5c7b0ab13aaaa3acd9999ee3494f777c05bc7d0
628,1,1,1,9fd8c511a8805f19c868272d0c92bcefb95bc9cbbc5f21417ae31382004aa496
629,1,1,1,62127f8dd87e27c8158761f1ada5762f8fd2b3e4d70b41ee8cd216bc0e30645f
630,1,1,1,e1ee7007ec439c3c759a949d15b18734bcd1eb6f452a04494ddf3573ad559efd
631,0,0,0,1d7374bbbff1b5043add945e2b3cc5a58f016c3140b473cb668e0c56e0e42c79
632,1,1,1,49c42015aa07a9272329dc163cf890c3c22b6e07937d5fafddaf6699cc526b8a
633,0,0,0,80ed7ed8d4ced1d76228482ea0077199ffa4391d5b16e0138d8db97199780679
634,0,1,0,8068d677ebd718e510aa7fd0f5ce733ea6e3377008778570f855bbad6fdbf173
635,1,1,1,16d260f5ae70bd1a4be56a461bb182afad05037e2910a893ed4f389158460d53
636,1,1,1,ec0756efc3c9000780c5e54a04ad49990b991400cb9aa7646c16f272fb84fb3b
637,1,1,1,4801cb147f0c5092bf030a8a0801b7cbeab8d12ddb2e483d41f4f89be559018a
638,1,1,1,481b6199867ca86a8fb863ecb7f81ca9c0bf704130e74ddba34ef58e4929a497
639,0,0,0,85c60a656d791780ac0ff591cd9e590af0f680843065a413811d7596f828d36e
640,0,0,0,3aea44585f3e62d348a129fee067b29fbff6fd9de15c7497c08ec90e76ae5211
641,0,0,0,eca598012845afbc74ed6a865053b460026d8c6a76699e7419dd8b6699cb24d2
642,0,0,0,92823093df994390a541f863d4ed4bf9283c4434644c79f0fb56d45dad68c5f1
643,1,1,1,72f695ea4a5b5c785b32ef13299b46a71860286edb5cec61b2d7c229303d32a9
644,0,0,0,7e9f99745f48cfd2f4681c71986c66c17d8ed145fb2ac9f1fbf15f786ea4c4a8
645,0,0,0,deed25e2cf42bf024004d13dac4279a46cfaa0e2ba6fcb5c4860195f6a0760b3
646,0,0,0,e5ab6f3cec4433f65205fb115f707eded153c630c04f25f1abe90664754a102e
647,1,0,1,07fa8ce6dc6290f4f012d416d3a94dd705bb1e80cebb85754f36276a4ce046cc
648,1,0,1,13232ed8f9cc6543d3a2b05daeaac2e2d49aa79350b5b0799f6f1bd53e0aecae
649,0,0,0,ad1b6946201234a26b9187a8f46e1ec9885319c5ed1ae809783bdd6320747bb0
650,1,1,1,2472d80c3613e24c8cc1af64a72f1155ad7d976227d14dc27ee49432c41b6604
651,1,1,1,94b6321083f5a2efc49dc59da3609503cd510c28af2ccf4604e4ed9994a2a694
652,0,0,0,40cacb44b2d4d30d32ef97baac34c671143e9800202e875846da405016c0019e
653,1,1,1,de7c1ad175bdaa76ba00ba1e3997ca218412de2848c6bdb1a176aae5342c0876
654,0,1,0,cdc331454ac2cb34c54a09460064f385bd09c285edca11d7bb1d17e226d0d9f0
655,1,0,1,0d4b4a6a61b89499e51209b9bf1993fb7c55ff35db14eaff3c28588b33a4ecac
656,0,0,0,d2b59dedd5dfd504472c72258e30e0b4144fdd75ec590bac248c1d806157ba90
657,0,0,0,f59871b5566278cffc214c5b40a832a0235e33907124d6071bc80e631acebda0
658,0,1,1,17528c6a3509667b86b83cec1e65b13f5635821f02119524d95cedaee6c519d4
659,1,1,1,5ab71da97ff6fa90a4be1db58c507936135efbc31bbb8a0e26878dbab9f13ef8
660,1,1,1,d4082d3975a3f5020812653e6b932d2c95554b22f06a9f2601b5eb3bf11fa459
661,1,0,1,ce223087c1cc47f1bb2682ccde39a9665f173f72653fc932b7f23b47263de17c
662,1,1,1,d57d0ce32a97ce9260b014617e847226da56b4194c431225778f8434ffd07fd8
663,0,0,0,dec5666179b9082f5018961ea8a0e81faaabb58acbadfdde6a6023ab2a507fd4
664,0,1,0,97331f2147ca43e2b84179fecd0e0e94dd3c06de9c888b02e8e36d6c83e30c8c
665,1,1,1,f9bc0c3f41d09b440855f4071708df40446c78807852ec21ef34a52f3f0449b5
666,0,0,0,eef3368410c5b9f9ddbf26b232026897ec5aedf619108a957943dc2e1ce2cb26
667,0,0,0,703f86281b2ebf172cce1ccf3de97b9b90d902fc9bc2c69414a549b0218741d2
668,1,1,1,f50ce00fe5c473df50765051428c8f2be290de00209d0a8cc090cc9360acf735
669,0,0,0,5a204a9e16fe86ab4823b5d8637ecd62a0c83a46269afe1c8b32b7d03374f392
670,0,0,0,73e546d0dc97d7cea1967198b32860adbec1a05e652a7b8954d78d603f9d60dc
671,1,1,1,1f4d4989d35da6a04e099a04359847314b075e1d9f89bb98c561f4c97a933f4d
672,0,1,0,a7474e1b97f3fbc91808e383cdcce2ea31925e8f702dfe79a6c9f457ca5f5640
673,0,0,0,ad882f6b1f069d274932c67c77bf0938c8cdc9166d5d0f2be6b95762db37c823
674,1,0,1,133ef27ae232b221172d3be358724a4dc2aad6076cf6b4b6fafb6a14ed688746
675,1,1,1,93162562a6fb28c25f7bf87f069199593f8c180d640e14008d97b4745d8b85fe
676,1,1,1,875b98a4eeaa3b8c396cb28dbc3856e6045840eb31f9690b1c0b7c7b91e049fe
677,0,0,0,b47899582109f7dc7536b06f7ba4da5dbf2591ec5cc77f711ef6ca408fb617e0
678,0,0,0,34f9d54cdd20122593989b7cfcd2a5d47eb66f5981838a4983cf3151f01705bf
679,0,0,0,5678945fda6f5b79a5858c7d3aad9cf159d10dfa277d5b249a563876ee5add4d
680,1,1,1,9aba48e1266442ec8115b07f7c372586eec6adfd2d88c0055c1020cca9471df9
681,1,0,1,52b60ae7149afb16db636290f0847011a7be90e95598a30062d9226134b5f57d
682,1,1,1,d105b4b78ce970be1d1646cc1936c4af39bebede1a5aa8be145d7650fe40bf6d
683,0,0,1,c757fd1dc546b579e2ba128ac266d158cbcb38a333a1c312014699192d589f2e
684,0,1,1,72e8013b12bb451cd30220bdd6dc4f58a109948c080af54926aa988c0530b7bd
685,0,0,0,1314d97e10d89ba2d608a64c48ecd895ace72867b8e8cd7817f680e5a2c87cec
686,1,1,1,db166511b54d39f992bd24d30621545327e5972fc64b08fa662671a59d04ee52
687,0,0,0,1e49b36d0e144369f6773c23da2e62728ae95b27406e5d8d01fbd538898f113e
688,1,1,1,3ba6f3377ed972635d8da1b8ceda737469f98b7149831aa3e8b623703eea5d9d
689,0,0,0,35429bbe34ebb3ccee3973eabd2c1d759ca9546ece61fe57e9a06114c2cccc62
690,1,0,1,d2c33764bd571e2d7e20deec1eb18192aa91f579a0b51550cf4e62759d1de7ac
691,0,0,0,7b7d2e678422bb2c689b2fae907584d8c535d1984935762e23ff6d67ceee1dd3
692,1,1,1,431fabb558839f25baf8adf72a394628f8b2e2aa659ef6fa11d2a674a4f94cd3
693,1,1,1,f1c4baca6a5a805ae35fcae9701ee2607c9aa68268a1d2c004c64df11c1c5305
694,1,1,1,b14cd01e91026cabb67fdd2768be679af11c134fb7a0c0009858800dbc56e9dd
695,1,1,1,77d5293c52cf2d37fe9dab8a353c14391d52345474e357fce78798e345ca55f3
696,1,1,1,11a392d40c24ff89b101296f400cf8336c7fb607a615ddf050e5b8aea0f68c72
697,1,1,1,c15a1cf91ea32bb55453fa3b8c8c89fc4ba1ba1b57ed18306f41c2822a757320
698,1,1,1,e7f8530e73c93fe5bfc49ecd46af1f0988428721bfdf74d9be59ba173b84380b
699,1,1,1,f5cce83399e6af2d9480732d1659b6ba0bd660b7176f02e7001b15867eb0b672
700,1,1,1,0070e6894c2f202c72e160d7aba60976d41ba6e9bc26a65c3595aef7d78b381b
701,0,1,0,4a611c7939a091b2d4252ec1f36c917f4ce5f2a0f27bcd4d7939eb1fee984061
702,1,1,1,730edf0a0d748c7948c673f6cc8c74b09b96883f9968120f1f9083c20e05864b
703,1,1,1,52eac92bfee24aea8f38a83e9ed9e1c49177c739ece7bb24a21e224bbaa0dd50
704,0,0,0,7fec9ae931df44872ad5655a4878b9873c19d84c9e565269b7e1875861e0d1da
705,0,1,0,c6c368afa4aedeff1a5ed40a15f05a2bebaffadd5d770f20f09cdb4eb4a40b2a
706,1,0,1,4da20c9b5d6ca4753d7fe42895ecca0f3affdd3b990ee9eba47beb34ce63d9e4
707,1,1,1,dabfa384de381dcfbffc261506dac7b6ca7a86c81e05858c33aeea638911a5ef
708,1,1,1,b2fcfa5dd574f3a21e39aa9caa6e7235ca788e37764f50951be1e6def62e8e86
709,0,0,0,d9cd2f9a97dedd41fab59d904a5853ecc4c52de4c8c08fc9baa631ab0666bbf4
710,1,0,1,3ca74360cfd76523850084ae0ccb4f83e66ed53b972354b6eae9da5ddb185ab6
711,0,0,0,e1d6ae2decdfecb375e57025f498947f5b1de45f8edcc820dede58912b2b737a
712,1,1,1,fb51731d929c9e55c9902c729be863ee4331576dab32b32fa31e049104bd6de8
713,1,1,1,1f52d85b2ad29d9b6c4e9045880cbe31d3bec03e4abafca6162ef284d554c687
714,1,0,1,baeb3c758ad33bf9e80babd598d7104ce644be8178fb2c93eb6ca88404f94296
715,1,1,1,bb6849d4972e7b07a0d5745483a1b7cbb19d3f2f07dc0b106af449f159a4a778
716,0,0,0,4889f5af45c13f5b29c1c0c3eb58f5d35364da1e1179eb9f08413e1324e423e7
717,1,1,1,283c22de556ade9fcb7381287ab5bc118441eba5b67bc2350aae674251398792
718,1,1,1,f6cf5ee01f9f9727d76cadd826138368d3e945d04649f80723b049b7b4756912
719,1,1,1,7038673f2851cc6e9951f28877ac72d40db9b5d6ec1db75fac0bd168d534064a
720,1,1,1,ab48bc4b5e0fe0f4cf72a548f8b113d01c0425c29b0183dbb8253c112b61bad2
721,1,1,1,961f8994f1f6749153b7e293b1ccfe9cb61498d66e1086576b74082167dbf0aa
722,0,1,0,bc6fe6d7283b031ae4b325dcedfb49d884dc5cb12ac5160f7eb1a24ca889072f
723,0,0,0,6aceb6062b6684d472255a3099357ce3b0b08918b326d26e589ce1c75c0f6918
724,1,1,1,7c03127cf971c61bb650f56238fea1e6ba4d3d9e0be9e3f89d0ec5ea3e2de3dd
725,0,0,0,c71c21e0aef6f6ce8f5cc4ba8dcc090c122a4f3032ba831d3c4d6657673f05c7
726,1,1,1,25c6e296144b61db17ab2af1d477be6190bb3b6acb02deecfddf163d32864134
727,0,1,0,50aa5a456b9912749ba5bfbe920ed21ab06754dc25ebcdbdeb350f2404912a39
728,0,0,0,f22d932f2fbc018205f3c1b251ccd5576a11522aa7aaf973a2299102308d164e
729,0,0,0,72b029dea065621ac2b85d09485be5868eff5161b3317edd75144f33269db870
730,0,0,0,566ce0d91642691c235736bf77ac90f93c5706c0431788e142af611b9bb14ec1
731,1,1,1,d66be11f82605855a5dd60e2c0820f0f92d7a0deb7fb2dc79ca8d3eb16ba6386
732,1,1,1,8b5717d325d347f927eb399780cdfa15554b0e4a7fb7d0afdfcf0586e53f8b34
733,0,1,0,e3ad5147e25a7e0160e17dde70d0f62835f81a76f60626d33df74554179e4149
734,1,0,1,70b0f75dcda267c6750e3ee5189e83c7d20cc13654bf0262b350f480f0d2e5fe
735,1,1,1,f649d52902a36e9163e8e0e9c14fd210d9e29b752a5d572ffcb1f917408865fb
736,0,0,0,43058ad8e91461c94b9f85e71f33a53c79d650e0287941a852307ebcd1c39d83
737,1,1,1,e88b3a05ddaae0ca2b988aa85dedfe1b3746adf977385273d94748393f748034
738,0,1,0,358089278db1a72f0fdcece61bc441d62c688b27597eec8b4ac7395f9510f215
739,1,1,1,e77d334eeb015104034c114fed0f78571948d29e1f6add6768417bfe9ae95aed
740,0,0,0,c838c7eef160dae6d12ee1093c0c4a5caa43248eadadd7c5b39962f42c128c9f
741,0,0,0,1df820f6450f83ca077da9d710278439b8b40f4e13397b1ad885e225988b1500
742,1,1,1,a1d35e69753ae8a85a51aa401c25785eb86d99a9f7e1f680f9d273c6b99359c3
743,0,0,0,571ec218232d7ffdf26ab49994002e8c5b8c852cac247a5e55954de1df677465
744,1,1,1,4cdae435eb7e859f75069f06c2768c1a89f12f53f24b09620f133a29187ea991
745,0,0,0,39985ae87f8282c579eb7e5fd9e013774e065056c54f5af39b0b5ed73b426a72
746,1,1,1,c1decf46e84319f780cdc0e986d30c69d8a788ca2f87bbf5801fd898114cf304
747,1,1,1,44d5e41f17568f5b806b8d3551dcaa13d419634e9675568e5606f5a7c034a355
748,1,1,1,ba436cc33d2a7da85f91e73a74db1d9c3664c30d560a5e65d32eb005df94cdbd
749,0,0,0,c52a861b98525f59f63a66ddf201e737a8869470ec47a71222eeb3a8f19e931e
750,0,0,0,1300bbb52c64614976009b354192e0ba4d2d56470204dc4f44e5b977365a4cdc
751,0,1,0,89b11cecde31aecca843481e0125dad7a3da1fb869e77850bc95eac5bb822e29
752,0,0,0,f2da219d6a66779e8073048fd55e420571a70d47ff61299148e0561c5deae3d8
753,1,1,1,d3446d897321938884c0112595a2b142b3f0db27c23d98fff87e2b797b319c3c
754,1,0,1,9ee6665d00a9152552adb69859b85ceeabf22fc06b21e36c2db62c759aa6b98f
755,1,1,1,88f5589453e79a7763cfd1acecc9bad04055abbe1889d41432b05f7f80825fca
756,1,0,1,cb49b33a4b179393fb98c0a50d8d759d473e8bb6a20ccab0152277897d9640b0
757,0,0,0,1a174d7d79bc0210e358628054c146370490d46da41ad833510f2d105e342b39
758,1,1,1,98909246b8f002c1ab3ac7c23d30ac06832a31fa956e91745ae351b558704c5a
759,0,0,0,601d50d4ae738e545a36bd44edbc9ec1b8b23bb1017e1ec4d64b72a5a170fb3e
760,0,0,0,45e757e2033df9feeeb9e0c6317fa19729ae24574997af250e231695b859549a
761,1,1,1,c7000cf51040af602d174eeec9465cda7fbc249359ee86bc95722b01a409e9f0
762,1,1,1,8d2de0f176059c36d8f69b7eabd26df96c725d9b6f5c54bdc889ae23c0b2bb5e
763,1,1,1,4e316871644589954d002bbc0d1a09b09537fa3bad88f9f114f63855c4e75583
764,1,0,1,b42595741631766c5a19e5b567d37041cbfc6ea2791b67a6d3cc95546dfff7f3
765,1,1,1,18ef5db88df56bbc6359d5426b382c9b69c4232c9efe6c57b7f22ad22a569129
766,0,0,0,58e8cb6871d0fd2f20dde6ad453dff4e39a638229becab3faebe5a51b66eb17c
767,1,1,1,a483a9c13cae4afbd08993949602a0390c48e75f78e193e2f737c2341fb59707
768,1,1,1,273800b7a9c6c3b4ca54d1efe1df1cd36d86aa614e12d2b96a5a875413650759
769,1,1,1,e558b7ae4e10ae52a8c1faa8b440b1e68743a571ef89b449dec98b0cb7b7ef84
770,0,0,0,4ad9026cb3ebd96ac952ac2f383a9b6ccbae57e6758e0a23848f482eaf975bd3
771,1,1,1,2c3702f83fe2da6c48947369d011a5cc1cba26c8f5abb8e1ad7ba5c2ce33fd40
772,1,0,1,375bc281d09daf3965961650aad81114f6db48c8479ee103d515007a1802ffb0
773,1,1,1,fa85a91632ebdfe587de54670a495075751699d9fde52ad3319f64395bf9cca7
774,0,0,0,e92a89b098022c00c1fb7eb6106119242cbf5993841791e534bc7b0259763308
775,0,0,0,5f043a495fce7ff00372ffb6a74a52a174f65cf903906668cb35e16a8d90e8e1
776,0,0,0,02750b5a039e07a5d97e3d6fa4adac9fec47b0fb3417d4211a4f1f6768816114
777,0,0,0,27d2fe510a7af0ed868b83579b16df939d05f7b760e57ac62ba71a3057f961f2
778,1,1,1,64569f4d48d86eb382ee9d9483b612d4f7f64a7d56747913d80043c870aec0f1
779,0,0,0,57bd03fe71dda79b3969f9d05c3cd96fe856cce694baaf211cec8d2aa6d34773
780,0,0,0,bcfee56e8a9953f6c5e968901dee4a4f4f6135163abe4656bf02fcb2f5918fd4
781,0,0,0,2bf5a6aed19a2743ef2bc7fb912e43d74a05c18ddf165f2244ed0652145f8c94
782,0,1,0,e175b12ba4952d66195e707fffc204e35d75facab1fc4f8a19da6437a0e7c074
783,1,1,0,6a01af94b442371adc5b4e215f5c995930cf3206e678352d4236e36819856d33
784,0,0,1,27257401c7b8fdb0c382c3b4999e03ce7a313b8234d67f9d856a61e1d9d3ebb1
785,0,1,0,437b437acb713a9c15c5f6e8ded03673a684f4b697b1fc5cc1bb84c8395316e9
786,1,1,1,affd7397e7c9a1c28aeb3527408904f3fbb010aad689dfa30ceda221cf102277
787,1,1,1,382f72941080343325ad9cc3242e36ae330a3f4c1770ffa6d84701158a7cffb5
788,0,1,0,6cc8bce2a1e6ea5c42af8867f39246dad75ba4111b224417c712bada671c6cf9
789,1,1,1,f24d1269b275988b12a1e4fad70c6ce5c69dee19ef51f19ea53179ed81dcd67e
790,1,1,1,a5ea3ca56b42699b614b89eb9db5faa20dde61c064299a556c7ee3e520d06cf7
791,1,1,1,efc08a4eccc9b56b53ff82a39cdc3b06f5733c5116981a828228c87a05ef9a91
792,0,0,1,5c866fc06d7f38bcdec375c4b37bb697ed3686f52330282499989fdb7340669b
793,1,1,1,573666783fc4bb92c745d44198c4ac802e44e9b176c8a4198c1a707566b56346
794,0,0,0,da651eaccc77312b454f596204278493bc7cd3d7271e681ff8c2ee3653e1d900
795,0,0,0,e89a8b305eda30e4c78cf7f7cda5a0bc2fec303ca41faa9f6b8b3d944579b0ac
796,1,1,1,acd74cbef3805a1692c17d4fba6dbb1c1a3f0556c2c736e370fee67ef62f85ce
797,1,0,1,2904e2a534f23078f2fe0c6ba5d69141c79c6f8f5f5e855ec52c04fd82d2a2f7
798,1,1,1,034a9b58c8fdbdc4a8e42ab20d08b5eeb5c0de3fd8d60f2a258889281ba3d89e
799,0,0,0,a22084f89960397d89f2340ee6b42bb3a38931ea93e8fcf73416aaf9f30b8dbe
800,0,0,0,ddc62b4e4be4e4c3b6b95da18ce6af812e13a29850d9b6ac59bbc40fab21bef1
801,1,1,1,ca4abeda7f6819903db81eed75e4520ee68331f83f6eba084e970683fc0016a6
802,1,1,1,51f386e5a009aa081c8e49d7557ad9e15e146dec0ace79e528a0e4f9cc14bd44
803,0,0,0,8132cd6fff73711b53c5fbfefce7cbb48a19ae5871912c145a9734294ea1c1d6
804,0,0,1,f4b2f515fc31921cc7e91411745ba39188a05077359626474a1e3c26580b4d06
805,0,1,0,197e2819af32b4578cd4fe6adeedf6bdb6e9bb14beb33fbe15064b9ce79d1afd
806,1,1,1,55fe2167aea5c04f25602f22fe9ee8c67a419e77305d311a92be6c986ed1b0d8
807,1,1,1,a9307476b13000d735dac30cd150e4dad9439720e9b59bdc780a201ec8485163
808,0,1,0,4a6ea4e7ea6e1655391100885f5da8e5c3c2b2c496372eb4f2aa8f96d67483cd
809,0,1,0,870fe1893484e97f34ff98f9405649becfb5a1c7f36800761dad0e8b85b5015c
810,1,1,1,56236f6d337038d13a8a72754f0dbfd037631da880a25745092c34076f9a718f
811,0,0,0,09e32fc773691b72e5950732d25921e8c6018e089a1c3bd132afaff5fa67a57a
812,0,0,0,f2989c1664a2cfc058bb8b45aa23952665f590b01a912027faed58d59dc5e532
813,0,0,0,59eceeaeea7ad380218e5e7286f667c433c510e81ce2d0d8d33ab49a7bcb5a1f
814,1,1,1,2ff03cd89baa8885970e1b698896dccad8e71c68bbb12d07fa30fe260d32f08f
815,1,1,1,79ce86316b849c8180548bcbf4e4ffebdccff633f6f8d5811519ba0c281b7e21
816,1,1,1,81837c883d34ff5039dbca4d1e9f8c146668189e36bf6fcbc98fb40260e999a1
817,0,0,0,55151a95b4daeccbe21a9350e9b346bea2641e6f09a2e1a492c5b45750dfefa7
818,0,0,0,1383a3f3921ac7b7d6fd7bff838e0742bbffa79d8936453792ca5233a236f950
819,1,1,1,adf988a678ac07867d7957eecb14180504873449009a0d53b970bb8f557f6f6a
820,1,1,1,63304a6d365e56933cc208a1fe35d4c8fbab269c6e0f324cec35269b207165b0
821,1,1,1,4803032d38023d8304524eae78b3971ae82af8ea8289ed529fc575ff5ad23093
822,0,0,0,436e803776a2da0444046e978615f181aa7beae0066ca514d80c476dc846f056
823,1,1,1,71abd9d8d7bea1efa21ff12594d27ea45df5d8925ddb9864041ae57da7c49505
824,1,1,1,4e41e21cae9781b0c7715dfc96fc3ba3426a5a4e388a6d3598d6a37fb459d13c
825,0,0,0,07320b5fd70c760bc2b1429155a7db88199d3b2d1b51ed64432a43eda8b7f938
826,1,1,1,f26879d78f63e8bc8e44607643149218867ac0a04a4549ff777ec00d3e591b93
827,0,0,0,a1c5c9e2c39712d4ea085e1076fb04456511950f29c46329bcf1a2b3d3341ed1
828,0,0,0,40edffd513c3d2739a45159e80745d14de2d8f5aeec851d26dc32b0868b571e7
829,1,0,1,20392fa2c4e7bce3dd7be9e84ae09713b68a102c14de2fc3b583eb66d2491065
830,0,0,0,cd05519a4dae4b6545dde4744a305ce245e2ff368b49b1e39c15ff6a8481bd84
831,1,1,1,3b1ca30f2ec0ed75376cb3c4d13f772ed5d68c5579d04ba7f16afd1e5ba64245
832,0,0,0,affc49676563aa05099190e05ea05724c31b26e1a5b333a73287686644a94a86
833,0,0,0,d5102d3bf5e58a6234bea50ffa0129d8a22ba8067534e2f30d640b8064197fb3
834,1,1,1,0609aa43af1a13eace1a3b4613973d48e2e986dedacb40b69204dedf768bb90a
835,1,1,1,42313ce88a75e4c7d8ea5b2ae67104d4706f52b58ee0ab9c6ac585916549c3ef
836,0,1,1,e5ed28a1005af60a2b45070c806d8b55fe505cfe1ce267c255b79232f7ee8ca2
837,0,0,0,cc00f5e98e275a60a5f57f630c76b18970d9b2d155ff70d3b400637c1dd90860
838,1,0,1,680c8e2b1b531e2b7edc3530afa8aeecbacd8e80af78cc6d4dd3b14ad2f6ff09
839,1,1,1,488733f37b4b3dce0b0e2f7955fb498fa4110d32a86efbe03745da7b7d10aa3e
840,1,1,1,2928e388e15edac54d594106b72b681a3a2177f5e026c782a83086385512859e
841,0,0,0,c170059085fec58047553acfd6c0b77d81514098a4adeaecd87e38f4e868f6f9
842,0,0,1,577227fb997cf083626b42f73df5a3486a8a302a51475b12e96304d67a0e3510
843,1,1,1,01438a370edb62e2cff0d781bc6715fbae650df3b16b1eb370160f69d2ecc6df
844,0,0,1,20f933807c17a3d8da4a6b926718417b8bdbfa178b7d447ff46fe1b30ee42e39
845,0,0,1,ff844bbf4f9bea97aba6502dd64848624ac00295bc57708c4d439eadee3a726e
846,0,0,0,be6634f5fa475ab1a2ade8af8fcbc4f8e8ba19b172e19a7eaf6565d84657f699
847,1,1,1,60f1d9e9a5b3f11807386a59f1e992b6279638ffc33e830a6494721c72729ddf
848,0,0,0,054784ed3a59d3aabdb79a7058f40c892a8687aa0adc6d4eecc98dcd1f7ed7db
849,0,1,0,7fd88a29dcb9301b70ca90f27530862d75927f92e5023b7f7e998b65b169f837
850,0,0,0,2141f9c3fea339734e5cfd57d8f99677f25e31bd04fc7c4ca92f75d8d1b86c3b
851,1,1,1,0b3b4f2fdfc4d61bf5147645e16973de97d49a6a360cff16904f7397b2bf3fa9
852,0,0,0,8f423dc4467dcc25bf6a610ac796ab62a858ffe87ed736acdf67725ccf5f26b8
853,1,1,1,2c15e37390c33d6ccc192707ffe73d4290162f8b849cc636e9491ca21182d389
854,1,1,1,3bd1228b5831899d08f6f5ef0e72514a9f778c0e9dd3f727d29b0b8c9bb44501
855,0,0,0,f140f18a1db70a9fccfbc2eab14d60e965ba2b614349a9ff50993a2dc0f5610f
856,1,1,1,a962de4c3818c69638937027086e0d86a915840a4a658ba81ba0ce2b534f5fa1
857,1,0,1,77c32708cbe81be60350d95cc356efe8ccb1e029d71d71c96ddaf7fed99dc018
858,0,0,0,2102400fb2c6b209bd06d8fef4828c166ecdf96c11288d0b6849aa1887def77e
859,0,1,0,b8a235d17bc09b0b1adb236d1184ea566368dcbca192c81895ce27f435a1f46d
860,0,0,0,db6b07a2d24d2fd40ac3a09a60e546d07fa8e058cee38a3e7853e9291871a439
861,0,0,0,52fcf13c1244ed95b5178c5087895b4b9eaec8a9cb124ae1169401d8cfe05b38
862,1,1,1,9e9bda01171e5a1101d0644ff2b7a2896e1faa5b0deefcc6342b658cd4903e26
863,1,1,1,da3f72debc3da520ea54120ce40dba31a7244c6d60906992a3ac479780b82c8d
864,0,1,0,959229c1867112af848a12d07604fcc29238f61145c520f5feefee76d250d6a4
865,0,1,0,28ec90c53bd1ac25d60d442e2b327d832ebeeabb4ac905c7b9dd1b9d43db5f73
866,0,0,0,1db2077598b900a345035f0decd17646b17ce20dc5fd974aa48649c6b056fcd4
867,0,0,0,bbe5123ed237014dc882114d81b84f5d610c93fb2d1d5cbb09741fc8d94b3c56
868,1,1,1,da2c674be5c780374660c9ff5ecb0822dcbadb8b5935681557ca168b959e86b9
869,0,0,0,9158a4e3b64e7d4c443127a5147068b2d221be80419f25a67ccd78fa59155c98
870,1,1,1,3794b037fed9cda829b2dfe2071ab0e202355f50a26ec0926921c80d69666386
871,0,0,0,f917be1c962a10d568d7ec02de1a56cb2da13f155517c288bb501abafddf5d97
872,0,0,0,f3bcbe57528951a61e4f11deac8032a38678aad0bc6f25eecd8bebffa77abf8e
873,0,1,0,016d18f3c996f8d7f5c49e3646b08ec0d10fdcf7546ec59190b6d1e372aa181c
874,0,0,0,be0cdb6e326e1235b977f49be30d13d43cbee3d67cd52e9d48ce986e1ea8d85c
875,1,1,1,f69b803d7910c4af2c4344b4877f94c8b5bada19cb35efa767467082a719df41
876,0,0,0,5dc7ff442bba32360c0cae707ddce028769e91fe85241476e60bdfc20e5c5607
877,1,1,1,865b5062400a1dae269877510445b57b9deb7891732eea9b247d30b5b365708d
878,0,0,0,9efe3df37ef35833ed3db3ee189b8149500b3bf24fff42abdc52964a3972ed2b
879,1,0,1,267db93be7389301bdd37841b13a875769949b1c49444d860030f0d032045252
880,1,1,1,68958d5909ab01e6ecbb177f3b9f2d02ec450d873e940234a0998db5e2077d9e
881,1,0,1,1027d6b7ff9eb077cbe8fc128c4e0e1014e05bd3fe0fcda27ae4ab50d941650d
882,1,1,1,20eea85fbffeddb537871b522a8737c1390c1ff0f64e5fd3d57fcaf2d0b60a26
883,0,0,0,5d775b07c062186aca2c6a6a4b631e9bd3047ed449fa1906afe139e14dcd79f3
884,1,1,1,91aa2e0e38d2c21665cda879567d939d0ee019a9563b765d64db40de2ab5f967
885,1,1,1,bc53746e61856f94ac05d28024fc224133fad6fc56922735ae85431394db7d07
886,1,1,1,146e3369a06ea1c5ae664fcf3009988e78249fec2166a3bb4b9412fafe7fa69f
887,1,1,1,971cbbee45bae7ca4247fbe84e7cdca42d17883bb77c1881811d694031b925be
888,0,0,0,3323df413ba3dbff2350495bfe9199e62a8506c395a1952611039849ba93ea5e
889,0,0,0,5ce3ba09f6e163e4f8bf44f14120565ac7e279d84aa9dfbbfb24cb813faacd4c
890,0,0,0,c6a9b6b17d86ac273176b17e82379115b0e43c3deba28d0eed15d0251d1af1d2
891,0,0,0,7131bde25ede14810ed6b469d6565a4c53fdea3369f3bf44db638113c7de57c5
892,1,1,1,a89e66d4a96d5a0ae460d6197ca9adc2f6b314058dae34b2447aa854c74129ff
893,0,1,0,40600bd45fb254858376a163df93ad5f4f591c407e9f84e32ee40f53d2f4926b
894,0,0,0,c90dbc268d2ebe41c75e03f50f8f1c5d4d4bc0dcf5dd7043b1550df193391e0d
895,1,1,1,30d44a14ed5e05a1e089f26f9fa8f1d3e81adf46e5b097a038c6f9670b6ba702
896,1,1,1,f270b4eaa6b1239275f65a6149dc1facf19e2bea8e4234fbb4a7cddf976c2e28
897,1,1,1,ed17970df5d71c296725fe7a89f459216c71a630ff17dc43b0486599bff56461
898,1,1,1,18f6e81deda5b2357c3d7d3eb2571f5b4279dfa3ce9c8060409d93f73415dc84
899,1,1,1,59d20f075e15a419f885bb4eaa69849f4e8685a891b0308e0562b1a36be0f1a8
900,1,1,1,866028d231e8aa41ef440d4e45ef845e84bee9c121823c0ce585875764c9810b
901,1,1,1,babf543bf4313b3fdd550e470af226dc7327baf88734de0cd736a2893776a8a6
902,1,0,1,949c45406e9492edc96f5c6a3c7d6f2bca7b3809d82ef95b1891203fabcef7f2
903,0,0,0,ca8a028600d4d35f6da252f1563830976d5503ea9344611110e962e15ebb084a
904,0,0,0,1cfb3c5aaec57eddba737b851c7a51798b857c1dd7b92dbf6b22ad1312bc6068
905,1,1,1,416636a38a110608685a58d0c01a0ecf418e6ad983d16bc70b6f50baea18c9ee
906,0,0,0,7bf968d4d06d775f7606622cd0480bcd273920acdf46329447780eaa3bdab665
907,1,1,1,919e39dc923d8e8802a95afb33af4d280f2fa38063d35978ccb4092bbab87b32
908,0,1,0,99510e3832f2e4108c12ef98a6e926da469bf7ed4e2cda4fda87c8317de684d1
909,0,1,0,ad97546f03e341c009d70f220db138d164ccb5a8be69192e70a02d744e98fd9d
910,0,0,0,2f0268814b16c569e52ca33f3d260f41dd78e2049e45e53ba7f9c01095616240
911,1,1,1,0138d29c317b5aa7867c5276e8d89952a282db8346da726103c3e0775ffea128
912,1,1,1,68c4161597b527e0d226f2f0689112fec54d3a72101187c428fb748982614c5f
913,0,0,0,dd44f0240dc3a8088e5d0a884f41ed24f060739af71d78deacce9c31214c5b39
914,0,0,0,946aa04831ee7942075e3554f77d900301491a5b6cdbf4baa289dce058fb00b9
915,0,0,0,a4c86e63c402e115f92ad6a2c938f186e78e024690a1fa44d6600501c122aa36
916,1,1,1,715fa83fa631592c5ca0e15e92fff61f44836c8ad57dfedfd10ae49eda5f2461
917,1,1,1,74d54992d7a5f82ffb9cb3cf898d5a8d5eceaff8b82e8472175b5e7df8d3dba2
918,1,1,1,0ed8f57e63555d3d7d84856443f650f8c2e0f2fefbb99ddf2552b2f6c42345f4
919,1,0,1,a0666a8de95420d5486d5f5df5835d8afbb71e58b9df331c02d3c6c0b1513012
920,1,1,1,721419e3ca261f0ce32cfb3a3004e75560a2ea31547796310d1cc63ce47c8bd6
921,1,1,1,a632abc24615073cfd2de0e5a2d69d5f63e52a92b985f3cf0bde656431d19917
922,0,0,0,fe2b503ac46e113c029908de0aee1e13b4d1a5c6bfedc4ccf542d32a76b47a5e
923,1,1,1,1123bc3d57150bbf59867c1173c326af5cb417497fdf514b2d52ff106b7e08ac
924,1,1,1,0d162a576ddbe5e6dc516eed1903051c54b5427a7b993d6d645b0c9ac92a8e60
925,1,1,1,54e4f26f44e7ad8cc6d2da1c478a9cc5543c5cae915edc61a39462d165c5f316
926,0,0,0,5884bdb6e28d5b9b04c9068a756aa2e2ce4d2aa0c2091454c5f927597ceb1147
927,0,0,0,10b3c684868dcf6737058b1de7a7e55b18dd7ff0c464fe50b687524f849b142c
928,1,1,1,61ec377bc21b734e1ba9b30b0ea7f78690c5d4479c24ef806b81dd35d6f4744f
929,0,1,1,1672f9066a7c4c9272bd20691d9c8f84f90214de42dbcf8ccfbde47c00c14aaa
930,1,1,1,c50863a1e8817d44dcf4c3de4cb0b0c1aa3fa10e5c05ea951e00d8c59001cbc6
931,0,0,0,61761f168b07171b3dc9a0169e7c050c3fa41030e295fd14aae6bb1f0a077787
932,0,1,0,000943c728b50dc858a7da5173180618b87255729e6d79510384ea2d9e0c93e9
933,1,1,1,ecc0ffe7b963147f28ec655f449858901cc5003337a83b271ee10f066774fc5c
934,1,1,1,3b850eeb2e510b358108d5113c1f2bca6d92b7a9ed1b86c9aef9f77e3a646c9f
935,0,0,0,a8e4d9ff3c0503484a6fd8190a954ab0b73b12371a1337e2ad773b7f58e912d4
936,0,0,0,70195036e527ede905d02ce72d9fbf7d599ac8723639c6a1b08bfe2e92a38722
937,0,0,1,5be2bec9fd92b8b2338b6f8db447f01382367eefdbd7c5f955ad9adb53edac15
938,1,1,1,b1d3c0bad5e4f89e36c1c9793fc6e1f48bfdbb34b45757b459e4e2a8354f53f4
939,0,1,0,76cd1efe8d9179cf9a063c88c33ad0ba45c1e779a3bb766a73b10aed82ce4673
940,1,1,1,8f4023025320ab575c8f00100b4202aa1cf620d180e6d608723b991c922dac7e
941,1,1,1,cc94fbea631f53351d179096e5e714c0369945b424edc33d8b0c8b4a6f676ad5
942,1,1,1,25ee0c2bf028b26acf6def070c01c5232ece3d109e4f32aba7526c400e758be1
943,0,0,0,6887afc4336c86f0f680721a62ba427bbf810e79e904b651cc328ce93c009144
944,1,1,1,be122697adcdfaa8bedc27a9c5016d082b9db85d0be0f4c229214e5e2913ae3e
945,0,0,0,05122926e73f9ad2ccbd5d02ee24ed97c12918e62a2a7ce45a893c2c82ce1a67
946,1,1,1,a0b2d4eb29cdc6d0535a87f82e9de7e6e9ea8764ec37a861b7d17dd6db14da7e
947,1,1,1,9aece410ea88806ad76d492b79b6064bcecc30a2c0b8a533a685746fbdbd1f0a
948,0,0,0,f42e8c59576bacc16db8bafbf909233f6ac2f237f7ce2db2220c888c9404ce0e
949,0,0,0,7b69c75a2f07e7e0bc83dcece8abe16ac9711205767bfb6bd0384be3a86d840f
950,1,1,1,8af278e61905c146517f3ec2223269aedc0f1c975ba085cecfed615fa91f2a83
951,1,1,1,18d8fd5a00922d4aca70cbd322b27248259555eab9be2d791797a3ace0866e60
952,0,0,0,0b8c9b2495c64bc8c9d1e8f421d67b3dd82eda278714c2c468cefb24ac3bcc04
953,1,1,1,7944b75c46d91ab911b3dc6116d33e2212705d50663fbc919e5ef76c86c8213e
954,1,1,1,f162994ea089c6768f8b9647c634e450b6bf06bca1b19b25b42f962e5d4cf6d6
955,0,0,0,b5fe4a2bc06bc4a2e009b92ce82eb355e8fa465cd1b1fadfd339dea754b8a5c4
956,0,0,1,37af23f806715d07ba8106543e66baf68b73761b1f1e95c7923a25239eb8fa83
957,0,0,0,782e76bc7b7a00a27f0f71b54393e50142bdf78244c5c5f23c748f767db4f9fc
958,1,1,1,fe70a05f81445fbbc3670a92b63299420103db69be6bf156403c0702fa99baf8
959,1,1,1,479da0d8f0b3318d5d5677abb7003e2a62dac2a1a8951868a9ff14dd463f4088
960,0,0,0,ed83ab0c5494ab5212b88c36fba6e54bc6dea5a345a1d8d75bf5187a6f76afec
961,0,0,0,1604f9059bc40af9e93e6825237fcadbd11fbf577115530fef9e543a9eb14a34
962,1,1,1,added8fe2f09e44ed3acebd679012f2362fe7f2dbae1387a958dc92906fe5bc1
963,1,1,1,6bd001034f1e50109d0c24947b9f8cab047b4f4126ae7505f656d6260b44aedc
964,0,0,0,5294f83b07a813e7057cbb3ce859fd4020412eb7ff15b938a482a0e4e1c41d32
965,0,0,0,0eb0ee8c20ef16192c143d35fba44a1f8918a5e3f926c1c056b3744de9f7c573
966,0,1,0,b53cbea9dfcac276c63522d35c889836f6abc39998f3d9fc7a2127ed1466c4e9
967,0,0,0,61f4b47b17a92662611dbd88b77c2cae8c8c589d114ced3da66f6bd358980583
968,1,1,1,25c9e55680cd10750ae37eca365b8dc65bc4ef3bbc29a1896620aade69bbb329
969,0,0,0,1bd5fd79885cfd44aaace368ccbc7660a2c191ae6ea9dea07a6301d2f95797d3
970,1,1,1,705635b634760129ec62a16861411da5fa657116877fad8e230b38259f46c942
971,1,1,1,6aadbd3f1e10acea1fcd773df4243dee3054b913dd847a1349af4689a00115a4
972,0,1,0,f0e5c786619c54cc34de057202baf36e23159e65979aed92e7eb0f3b2b37ce3d
973,1,1,1,bb8c5643a0cca1a73fc5d0525b1c56779a7174e61e7e136dc93577fafc34b673
974,1,1,1,1ba028955119f50aae3dd9d022fab5ea88c32aca092e33b50d51f42d137e1356
975,0,0,0,fe7da0385eb5b361213b27f6f5a81626431018b150d5a5e7dd74e26c6ed15f22
976,1,1,1,58c3b941999318a2104a175e14d60154891e1851fd501e62c7a96306f3e6282e
977,1,1,1,499e1eaba3a79db1962f5f3b1968aead8eea8e81d07613edb0c8fe1049f54df8
978,0,0,0,301438c04207ed6f49b1d255444beb4f537afcd9c25bb8f67fb89e34e007ed2e
979,1,1,1,19e0e58d2900753ccbff1d853ee468c3f47b133b78f4b44d9337ff46d39d067a
980,0,0,0,97b3c9d8704b7dd12e2f51056890efa761b316fb1758d31bed08a74d727813ce
981,1,0,0,780abccf0aa8e4c0cea733040da194c0ee8834fe01ece43242f2496f7cb442f0
982,1,1,1,2a022853ca767b8018a9f1fbb9dfb5824793f7c9a71915c45b83b5abb783c196
983,0,0,1,ccb989a7c87e870ebd42895cb6a19b0371d284dcaf69e881cf19c84c280897b8
984,1,1,1,3dbb8302700f36b762312689f14024b6c03eb56bfafb7ade1bd5082bb88a689b
985,0,0,0,832e928fabb6760ae99e50047fada232d6e2f824e207b4c90c30a7f9a6fd3a4c
986,1,1,1,76fb3615e179dcbfbc1a09bb0fddf9c92d311da5b734a50dee3a219d4c8fad11
987,0,0,0,6996038093c56fdb94c904a6a2305132fdfd940d001817429a10852b327e97f6
988,0,0,0,571f409727dbc427ed5cd16dd2f5bd708bc002d51de28cc11891db08396e6dac
989,1,1,1,3d66055b6ebcf8408004588a6c80cdfaf6aac2eee86045d0b0aadc5beb29c09c
990,0,0,0,83ad395edc99a29b2366cc61a4e5c806c9936aa05d33be2ec512450c8ed96aa5
991,0,0,0,1fcb8d38c7b0849841ba464bb8e68e46614729416ed5ebf9989c84e67942eaea
992,1,1,1,e85e13f04d50e010321c5eb7832693f7f6ed812ca61f6f436f91bf5dd09da4b1
993,1,0,1,c3a5bd4eeb8d5ef1835b876109c68207a4ab0375d8fa9a2604c03312e5c0067a
994,0,0,0,acb7136a39ef414ef7d16145835321df5a7b4a1671d1b947b600a656a0024cc6
995,0,0,0,3a3f447a4f045e043ae602439968248d648fdd691932f2f480fbc517652b2365
996,0,0,0,40a785cf802641ddca25f20d2fda55add983d78d1ecd0803ac9875d8cfc074e5
997,0,0,0,26dc528ba39bba290f216e775b90a17678abf5943f40f1fd51bdb8680d7a4294
998,1,1,1,20933f95d202fb422086a12f3e7e3eda619e09c7ccfd4f1ec5934cd0fddcd15d
999,0,0,0,574367e92fba4788f00b6106b31a925d671e14f2907760ef756a69d7dff36f82
